:020000041000EA
:1000000000B5324B212058609868022188439860DF
:10001000D860186158612E4B002199600421596104
:100020000121F02299502B49196001219960352056
:1000300000F044F80222904214D00621196600F024
:1000400034F8196E01211966002018661A6600F04E
:100050002CF8196E196E196E052000F02FF8012189
:100060000842F9D1002199601B49196000215960AB
:100070001A491B48016001219960EB211966A021F2
:10008000196600F012F800219960164914480160C1
:100090000121996001BC002800D000471248134993
:1000A000086003C880F30888084703B5996A0420EC
:1000B0000142FBD001200142F8D103BD02B5186610
:1000C0001866FFF7F2FF186E186E02BD00000240BE
:1000D000000000180000070000035F00212200005C
:1000E000F4000018222000A00001001008ED00E03C
:1000F000000000000000000000000000070B8FD58A
:1001000000040420C5020010A1690010C7020010FD
:10011000C7020010C7020010C7020010C70200107B
:10012000C7020010C7020010C7020010C70200106B
:10013000C7020010C7020010C7020010C70200105B
:100140000D6D0010316D0010556D00107D6D0010AB
:10015000C7020010F56E0010C7020010C7020010A1
:10016000C7020010C7020010C7020010A56C0010E3
:10017000D96C0010C7020010C7020010B36900104C
:10018000D5690010C7020010C7020010C702001096
:10019000C7020010C7020010C7020010C7020010FB
:1001A000A56D0010C7020010C7020010C7020010A2
:1001B000C7020010C7020010C7020010C7020010DB
:1001C00072B62C4880F308882B4880F309880220F7
:1001D00080F31488BFF36F8F28482949086003F023
:1001E00027FE03F03FFE27482749224A914202DAC0
:1001F00008600431FAE725491F4A914202DA086093
:100200000431FAE72249234A234B14469A4204DA7E
:100210000868106004310432F8E719490C601F497E
:100220001F4A204B9A4204DA0868106004310432F5
:10023000F8E700201C491D4A914202DA08600431A7
:10024000FAE703F011FE03F0F5FD194C194DAC422D
:1002500003DA216888470434F9E705F0FDFB164C02
:10026000164DAC4203DA216888470434F9E7144993
:100270000847000000040420000C042000010010C6
:1002800008ED00E0555555550000042000040420F9
:100290000001001000010010C0010010CC86001009
:1002A00000000020E00A0020E00A0020DC240020FA
:1002B000C0010010C0010010C0010010C0010010FA
:1002C000673E00107CE700F000F8FEE7F0B544461A
:1002D0004D4656465F46F0B46B46CB60C3689D46BC
:1002E000F0BCA046A946B246BB46F0BD06F090FB66
:1002F00062B6281CA047002004F022FCFEE703F0B1
:10030000D5FD024A024B1360FEE7C04604ED00E053
:10031000000000807047C04602B471464908490099
:10032000095649008E4402BC7047C04602B471466B
:1003300049084900095C49008E4402BC7047C04628
:1003400003B47146490840004900095A49008E44E7
:1003500003BC70479E2110B5C905041C00F0F8FBD2
:1003600000280AD09E21201CC90500F0E5F900F004
:1003700065FB80231B06C01810BD201C00F05EFB2F
:10038000FAE70000F0B5C30F85B0440245000391C1
:10039000640A2D0E01932DD0FF2D38D08023E40068
:1003A000DB047F3D1C4302950027039B5D025E003A
:1003B000DB0F6D0A360E03932FD0FF2E3AD0802329
:1003C000ED00DB041D4333007F3B002203980199BD
:1003D00041400298C31AB800104301380E2842D891
:1003E000FFF7A4FF6CA77EA79CA77E6C6C9C7E2E5B
:1003F0002E2E720001270294AC42D6D0200000F0CD
:10040000B1FB773F431F9C403B1A0293CCE7032785
:100410000295002CC9D1013FC7E72B000122B5424C
:10042000D4D0280000F09EFB431F9D4076235B4202
:100430001B1ACAE733000322002DC7D1013AC5E7D2
:100440003A000199022A39D0032A00D16FE0002531
:100450002800012A1ED16D026D0AC0052843C90774
:10046000084305B0F0BD64016D01AC4228D31A20E9
:100470000122641B0126270052006400002F01DBCB
:10048000A54201D8641B324301380028F3D1601E15
:100490008441144318007F30002824DD620704D013
:1004A0000F222240042A00D00434220103D58033D5
:1004B0001800234A1440E508FE28CCDD00250DE095
:1004C0001B200022013BD5E78023DB031C4201D027
:1004D0001D4228D080250199ED032543FF20BAE76E
:1004E0002C000399AEE702001A3222DB9E33012270
:1004F00025009C40121AD540631E9C4125436B0782
:1005000004D00F232B40042B00D004358023280077
:10051000DB0418401D420FD1ED089CE70023802426
:100520000193E403D6E7039B2C000193D2E70191EA
:10053000D0E7002528008EE7002501208BE7C04684
:10054000FFFFFFF7F0B5C30F85B0470244000391EA
:100550007F0A240E02930AD0FF2C72D080227F3CA7
:1005600026000023FF00D204174301930DE001236E
:100570003E000193A74208D0380000F0F3FA762637
:10058000431F9F407642361A0194039B5C025D0034
:10059000DB0F640A2D0E03935AD0FF2D64D0802305
:1005A0002800E400DB041C437F38002301998619EE
:1005B0008800721C18430A2800DD7EE00299039D22
:1005C00069400291022855DC0138012864D9B9B28A
:1005D0000D003B0C200CA4B2654341435C434343F4
:1005E00009191F002B0C5B189C4202D9802149027B
:1005F0007F181904ADB24D19AC01611E8C411B0C62
:10060000AD0EDB192C439B011C431B0167D5012355
:1006100061081C400C4310007F30002861DD630737
:1006200004D00F232340042B00D00434230103D52E
:10063000803210003F4B1C40E108FE2834DD0021D1
:100640004BE0032326000193002F9ED1013B8CE752
:1006500020000123AC42A9D000F084FA431F9C4043
:1006600076235B42181AA0E728000323002C9DD1B3
:10067000013B9BE701218140A6200D00C000054001
:1006800001421ED190208000014245D1B938FF3887
:1006900001429CD003990291022BD0D0032B41D070
:1006A00000210800012BB6D1029B4902490AC0056E
:1006B0000843DB07184305B0F0BD0F2804D00B2812
:1006C000E8D03C00019BE7E78023DB031F4201D019
:1006D0001C4225D08021C9033943FF20E4E73200C2
:1006E00099E703001A331FDB01239E322100944057
:1006F0001B1AD940631E9C4121434B0704D00F2392
:100700000B40042B00D0043180230800DB04184088
:1007100019420CD1C908C7E780270295FF03D9E722
:10072000039B02932700D5E700210800BCE70021C6
:100730000120B9E7FFFFFFF7F0B543025A0A85B081
:100740004F02440002924E007A0A9446C50F00926E
:10075000240E9B09360EC80FD200FF2E02D10100D5
:10076000002A01D101214140A01BA94200D093E001
:10077000002836DD002E13D1B24207D0461E0128D4
:1007800002D104009B181EE0FF2810D1DB08FF28CF
:100790005ED1002B5CD08022D203FF20134357E0B0
:1007A000FF2C00D13DE180210600C9040A4301214C
:1007B0001B2E07DC2020801B11008240F140501EC0
:1007C000824111435B185A0100D412E1601CFE2CD7
:1007D00000D1D6E0964A59081140012213400B433C
:1007E00058E0002820D0301B002C08D1A34204D0B0
:1007F000441E0128C5D0FF2808D11300C6E7FF2EEC
:1008000000D108E180210400C9040B4301211B2C05
:1008100007DC2020001B19008340E140581E834163
:10082000194334008B18CEE7FE21601C08422DD1FD
:10083000002C18D1A34200D1EBE0A24200D1DFE0AE
:100840009A182000D308520102D50120794A13409A
:10085000FF22C005D2055B0210405B0A1843ED077A
:10086000284305B0F0BD002B00D1D4E0002A00D110
:10087000D2E080210298C903884203D300988842BD
:1008800000D21300DB089C46019581E0FF2878D058
:100890009B185B080400ACE0002827DD002E1DD16A
:1008A000B24200D172E7461E012802D19B1A040011
:1008B0000EE0FF2800D169E701211B2E07DC202074
:1008C000801B11008240F140501E824111435B1A8F
:1008D0005A0100D48DE09B019E0970E0FF2C00D1ED
:1008E0009FE08021C90406000A43E5E7002825D0DF
:1008F000301B002C0CD1A34207D0441E012802D18A
:100900000D00D31AD3E7FF2809D113000D003DE7EE
:10091000FF2E00D182E08024E40423430400012060
:100920001B2C07DC18002025E0402C1BA3405C1E7C
:10093000A341184334000D00131AC9E7FE27661CB3
:1009400003963E400196039E3E4233D184421AD123
:10095000834206D11D00824200D179E70D00009B41
:1009600076E7002A4CD09E1A770106D50D00D31ADF
:100970000020834200D16BE78CE7331E00D005E7EF
:100980002500002364E7002B05D19A424BD001914A
:100990006346019DFFE6002A3ED08020029CC003F2
:1009A000844200D26EE7009C844200D36AE71300C1
:1009B0000D0067E79E1A770114D50D00D61A300096
:1009C00000F0D0F833000538834084420EDC20224A
:1009D000001B0130121A19009340C1405A1E934166
:1009E0000B43C5E7002EEAD10500CAE7124A241AD4
:1009F00013405A0704D00F221A40042A00D00433AF
:100A00005A010ED5601CFE2CBBD00A4ADB081340ED
:100A10001EE71300ACE71300FF20B7E613000D003C
:100A2000FAE72000B2E68023DB039C46B0E7C0462D
:100A3000FFFFFF7DFFFF7F1FFFFFFFFB4102430022
:100A4000C20F490A00201B0E7E2B03DD9D2B02DD09
:100A5000084BD0187047802000040843952B05DD13
:100A6000963B9840002AF5D04042F3E79621CB1AF6
:100A7000D840F7E7FFFFFF7F002370B504009842DE
:100A800009D000F06FF89E231B1A072808DD0828FC
:100A900029D0083884406402D805640A204370BD18
:100AA000124904281ADC020025001B3295402A0056
:100AB000551EAA4105252D1AEC40144322000A4078
:100AC000650709D00F252C40042C05D004325401B1
:100AD00002D59F230A401B1AD408DCE70528EDD075
:100AE000421F9440EAE79623D5E7C046FFFFFFFB8D
:100AF000844608006146FFE71FB500F0B5F80028FE
:100B000001D40021C8421FBD10B500F049F8404291
:100B1000013010BD10B500F0A7F8002801DB00205F
:100B200010BD012010BDC04610B500F09DF8002892
:100B300001DD002010BD012010BDC04610B500F041
:100B400054F8002801DC002010BD012010BDC04673
:100B500010B500F04AF8002801DA002010BD01208D
:100B600010BDC0461C2101231B04984201D3000C78
:100B700010391B0A984201D3000A08391B09984210
:100B800001D30009043902A2105C40187047C04626
:100B90000403020201010101000000000000000046
:100BA00070B5420244004E024D00C30F520A0120AC
:100BB000240E760A2D0EC90FFF2C06D1002A13D160
:100BC000FF2D11D1002E06D00EE0FF2D0CD0AC422F
:100BD0000AD1B24208D100208B4205D00130002C4E
:100BE00002D1531E9A41100070BD70B54A024402F2
:100BF0004500640A2D0EC30F520ACE0FFF2D12D0EE
:100C00004900090EFF2901D1002A0ED120002843F6
:100C100000290CD000280ED0B34217D00120002BA1
:100C200013D0404211E0002CEAD00220F9E78842BC
:100C300006D1824209D00120002E06D1023804E0FC
:100C4000002AE9D101209342EBD170BD8D42E5DC51
:100C500001208D4205DB9442E0D800209442F4D27A
:100C60000130002BF1D1E9E770B54A02440245009A
:100C7000640A2D0EC30F520ACE0FFF2D12D0490069
:100C8000090EFF2902D10220002A0ED1200028439C
:100C900000290BD000280DD0B34217D00120002B23
:100CA00003D011E00220002CE9D070BD884206D1AB
:100CB0008242FAD00120002EF7D10238F5E7002A4F
:100CC000EAD101209342F0D04042EEE78D42E5DCCC
:100CD00001208D4205DB9442E0D800209442E4D20A
:100CE0000130002BE1D1E8E70023C25C0133002A88
:100CF000FBD1581E70470823020A01D102000023CD
:100D0000110901D00A000433910801D00A0002330E
:100D100052089818C0B2704701238340024A1188D4
:100D20000B4313807047C0464E24002001218140B0
:100D3000024B1A888A431A807047C0464E2400200E
:100D400070B50125CB089B00D21807232E0019404F
:100D50008E4000210300CB40545C2B405B4263403B
:100D600033405C40545401310429F3D170BD30B597
:100D7000072400220440C008800009180125100043
:100D80008B5CE3402B40934001321843C0B2042AED
:100D9000F6D130BD030A021CDBB213B50800D1B294
:100DA000012B09D8032906D804245B422340054AB5
:100DB000C918FFF7C5FF13BD0433DBB2012BFAD806
:100DC000014AF6E71C24002018240020030ADBB2A5
:100DD00007B5C2B2012B0AD80020032A06D85B420D
:100DE0000430184006491018FFF7C1FF0EBD043348
:100DF000DBB20020012BF9D810000249F4E7C0460D
:100E00001C24002018240020F7B50E4C0E4B24782B
:100E10001B7801940D4C019DAB4201D10020FEBD19
:100E2000DE00A5196F788F4205D1365D864202D16A
:100E30006D79954203D1072501332B40EBE7012063
:100E4000EDE7C046552400205624002058240020F9
:100E50000721054B054A1B7812789A4200D170474A
:100E600001330B40F9E7C0465624002055240020EA
:100E700070B50B4C23781A008243100022700500D5
:100E800007221540104209D1984207D0054B5B78E4
:100E90005B0703D5C008FFF749FF257070BDC0464A
:100EA000502400205224002030B5134A134B1078F0
:100EB0001B78134C18432378C0B2002B18D018436A
:100EC000104B9B78012B03D10F4B1B787F2B10D835
:100ED00006210E4B002259181D78002D01D0013239
:100EE000D2B201338B42F7D1002A01D00023237004
:100EF00030BD1E21064BEDE748240020542400207D
:100F000049240020DC0A002052240020DE0B0020AF
:100F1000E60B0020024A1378834313707047C046E3
:100F2000482400200A0AD2B2002382B0C9B2012AA2
:100F30000ED8032909D80133022806D840008018AA
:100F4000800040180D4B4000C35A180002B0704793
:100F5000FD2A07D19942F8D101330228F5D8084B70
:100F60008000F1E7FC2AF0D19942EED1013302284A
:100F7000EBD8034B80001B185B88E6E75085001018
:100F800080850010030010B5E7280AD8DF280AD8AA
:100F9000312800D173E00FD8292866D02A2800D143
:100FA00074E0180010BDE0380728FAD8FFF7B4F94C
:100FB00018F927303DF9474C392808D0822806D047
:100FC0003528EED1374A12789206EAD506E0354A3E
:100FD0001178890761D152781207E2D52923E0E719
:100FE00030480121027814000C400A4245D1407873
:100FF0000142D6D02300D206D3D4E323D1E7294A35
:1010000012785107CDD50023D206CAD4E333C8E7FE
:101010002449E2230A785007C3D401200400497808
:10102000023B0C400842E5D0BBE71E4A51788907D5
:10103000B7D512780023D206B3D4E733B1E7194A03
:1010400012781107F6D4ACE71649E6230A781007A0
:10105000A7D4022004004978023B0C400842A0D1EA
:101060002300D2069DD4E7239BE70E4A1178890618
:1010700015D45278120700D493E7392391E7094A2F
:101080001278520600D48CE72A238AE7054A1278A0
:10109000520600D485E7312383E7E02381E7352337
:1010A0007FE7C0465224002030B5254C21784B07FD
:1010B0000DD514220240043A53425A4118230340EA
:1010C000083B5D426B419A4201D00C2358400B070C
:1010D0000DD514220240143A53425A4118230340BA
:1010E000183B5D426B419A4201D00C235840647812
:1010F000E3070DD511220240013A53425A41182309
:101100000340083B5D426B419A4201D0092358409D
:10111000A4070DD511220240113A53425A41182317
:101120000340183B5C4263419A4201D00923584076
:10113000C90603D5030701D51823984330BDC0461F
:101140005224002070B5FFF71DFFA4230400DB012B
:10115000984249D2A023DB01984200D395E0DF28D2
:101160001BD8CC2856D8A7280AD8A42800D973E0C1
:10117000012837D0031F9BB2A02B33D9002431E0C4
:101180000300A83B9BB21A2BF8D858344D4BE4B25D
:101190006400E35A8824E4013CE08023DB019842A8
:1011A00017D28026B601B04200D37EE0E72819D9D5
:1011B000F822431EFF3B9BB252019342DED2000A4B
:1011C000C0B2FFF771FF0500E0B2FFF7DBFE2C02B3
:1011D00007E0C0B2FFF7D6FEF0231B0123403A4CD4
:1011E00018430443201C70BDA523DB0198421DD287
:1011F000364B984239D8364B98420DD8354B9842E9
:101200002ED80322C4B2A3081440023AA2405B01C4
:10121000314C13431C43E5E70321012201408A407E
:10122000C3065B0F5B012D4C1343F3E72C4B984235
:1012300007D81F202B4B20409C4220D82A4C00026C
:10124000CFE72A4BC3189BB21F2B97D8F822030273
:101250005201274C1340DDE78023243CDB01D9E712
:101260001F230340234C1B02D4E70321012201402A
:101270008A40C3065B0F5B011F4C1343CAE7FFF7AD
:1012800013FF80240002A401ABE71F202040FFF7DA
:101290000BFFE3051B0F02001B02C00602D5FF2156
:1012A00012010A40154C1343B4E7C004C00EFFF707
:1012B000FBFE0502E0B2FFF765FE340005432C4358
:1012C00090E7C0468C85001000A0FFFF5F52000031
:1012D0003F5200001F520000008DFFFF008CFFFFF7
:1012E000BF5200009F520000F4A0FFFF40ADFFFF7F
:1012F000F0A0FFFFF1A0FFFF008AFFFF0090FFFFBB
:10130000F0B50F24114B124A1B88128885B0134385
:1013100001AF9BB23880009303AE009B01222341B2
:10132000134205D1013CF8D20025280005B0F0BDDC
:101330003B88E5B2338031682800FFF7F3FDFFF703
:1013400001FF80B20128EDD0EFE7C0464E24002017
:101350004C24002013B54379008801AA108001981D
:10136000002B0DD000290BD0FFF7CAFF04000100AD
:101370000198FFF70FFD20000199FFF7D3FD16BD7F
:10138000FFF724FD0400F6E71FB501AC20800198AB
:10139000FFF7B6FF228803AB1A800399FFF7C2FD5F
:1013A000FFF7D0FE04B010BD10B500240379A342AE
:1013B00016D00088FFF7E8FFC2B20004030F062B27
:1013C00017D00F21062B0DD80E330B40012B07D859
:1013D0000124F02A04D007D80024E7239342644173
:1013E000200010BD0633F0E7F43A53425A41D4B21C
:1013F000F6E7E72393426441F13A53425A411443DA
:10140000E4B2EDE7002070470020704772B6D021AB
:10141000BE22090652008B58002BFCD0BFF35F8F11
:101420007047BFF35F8FD023BE221B0652009B5034
:1014300062B6704710B50400FFF7E8FF0123D02221
:10144000A34012069362064AE3009B1805225A60E5
:10145000044BA400E4184A236360FFF7E2FF10BDC9
:101460000040014000C00140704730BFFDE7000070
:10147000044A054B0220D15C002901D10138D05427
:101480007047C046240F002004100000044A054B9A
:101490000220D15C002902D000210138D1547047CC
:1014A000240F00200410000010B55200054C121843
:1014B000091A035BDB430B5202309042F9D1012041
:1014C00010BDC04600E01F107FB5284A030CDBB2F8
:1014D000D45C050AEDB2230021000190002D2AD032
:1014E000062001AB1E78FF21704305F049FF55230C
:1014F0005B4243437600F61803235E43FF21F6B2B6
:1015000033008E1B4A1B6B4375431B122D12CB1AE3
:10151000491B62436343614312121B1209120628DE
:1015200020D8FEF703FF040613161A1F0400230039
:101530000C0021001400FF22134018001140090282
:10154000224012040843104304B070BD13000A0087
:10155000EFE7190013002200EAE7230014001A0045
:101560000B00E6E7190023001400F0E7C383001026
:10157000084B10B51C78E40709D1E40F00232000C4
:101580001A001900013400F071F8032CF6D102F0B2
:10159000C3FC10BD40240020F8B505000E00170064
:1015A000002420003B0032002900013400F05EF8E6
:1015B000032CF6D1FFF7DCFFF8BD000037B50F4A6A
:1015C00004001578EB0714D501790D4B9078595C20
:1015D0006B46527899701A7058700098FFF774FF34
:1015E00001040202090EC0B2120EED0701D5FFF789
:1015F000D3FF23790133237137BDC0464024002037
:10160000BD8200100622084B50431B78074A4B430B
:101610001818802380B29B0098429B411840044BCD
:10162000801818607047C0464822002040200020E3
:101630003C200020034B1A6882431A609A681042CB
:10164000FCD0704700C0004072B6D02109060B687C
:10165000054A9B00D3185B68986502235B424B6583
:1016600005331370FEE7C046140F002030B5032485
:101670006043034C25186970AB70225430BDC046DE
:10168000BC0D0020B523584303B2020407D5803BAC
:101690001BB2D817C0B2C018001240B270478030D9
:1016A000FAE7000010B50C4B14201B78DA0711D4B0
:1016B00000189A070ED428305B070BD4074B483824
:1016C0001B78002B06D048301D2B03D81E21584311
:1016D00005F056FEC0B210BD2024002022240020B8
:1016E00010B50124104B02211B78234214D104228F
:1016F0000B4213D1134215D10C4B187800280FD090
:1017000027280FD8C000263105F03AFE030020003C
:10171000002B00D0D8B210BD0B00FBE71300F9E797
:101720002300F7E70823F5E72024002021240020E8
:101730000100CD3810B5122810D8FEF7F7FD0A10B9
:10174000141A32323232323232321E23282E3A40CA
:101750004400FFF7A7FF1E4B4042D87010BDFFF7B3
:10176000A1FF1B4BF9E7FFF79DFF194B4042987013
:10177000F4E7FFF797FF164BF9E7FFF7B1FF144BBC
:101780001871EBE7FFF7ACFF114B4042F8E7FFF7AA
:10179000A7FF0F4B40425871E0E7FFF7A1FF0C4B4A
:1017A000F9E70123D1398B40094A51780B43537033
:1017B000D4E70123074A11780B431370CEE7054A9B
:1017C00002231178F8E7034A04231178F4E7C046AE
:1017D0002324002020240020032200B5344B9A56F5
:1017E000CD2814D1002A01DA0022DA709A78D9784B
:1017F0000A4352B2002A01D12E490A701A795B7944
:1018000013435BB2002B01D12B4A137000BDCE28CD
:1018100002D1002AE8DCE9E702229A56CF2804D157
:10182000002AE3DA00229A70E0E7D02802D1002AE9
:10183000F8DCDBE704229A56D92804D1002AD5DD4A
:1018400000221A71D2E7DA2802D1002ACEDAF7E7AD
:1018500005229A56DB2804D1002AC7DA00225A71E1
:10186000C4E7DC2802D1002AF8DCBFE7D1380E2813
:10187000BCD8FEF751FD0808080808080808BBBBDB
:10188000BBBB0E141800012181405A788A435A705C
:10189000ACE7012009490A7882430A70A6E70749A4
:1018A00002200A78F8E7054904200A78F4E7C046E0
:1018B0002324002022240020212400202024002092
:1018C000044B10B51B68181E03D01B68181E00D0EF
:1018D000984710BD0C2400200A4B07B51A88824295
:1018E0000FD01880084B1B68002B0AD01B69002BF7
:1018F00007D0694603224871000A88710A7101A85D
:10190000984707BDAA0D00200C2400200A4B07B5FC
:101910001A8882420FD01880084B1B68002B0AD00F
:101920001B69002B07D0694604224871000A8871A0
:101930000A7101A8984707BDA80D00200C240020BB
:1019400070B5164B9B78012B17D015490123002247
:101950000D005B428C78A0421ED05E1C02D1002C90
:1019600000D113000132D4B2013152B2062CF1D1B0
:101970005A1C11D0EB1898700EE00A4A12787F2A90
:10198000E3D9C108EF2807D8074A521807210140B8
:101990008B4091780B43937070BDC046DC0A0020E9
:1019A000DC0B002052240020E40B002010B5104B6B
:1019B0009A78012A0CD0062300210E4A947884429A
:1019C00000D19170013BDBB20132002BF6D10EE069
:1019D000094B1B787F2BEED9C108EF2807D8074B9E
:1019E0005B18072101408A4099789143997010BD96
:1019F000DC0A0020DC0B002052240020E40B002035
:101A0000014B58787047C046DC0A00201423044973
:101A1000188810B59B889847002103000800984754
:101A20005542000010B50F24054A11784B1C234085
:101A3000044C24789C4202D0034C1370605410BDB7
:101A40005C2200205B2200204B22002010B5D43005
:101A5000C379084984791B020A782343022B07D1F2
:101A6000012A01D0062A02D1034B4A785A7010BDD0
:101A7000014BFBE7580D0020DC0A002001007F220B
:101A8000D4310B7870B51A400400212A00D09FE0B1
:101A90005AB2002A5ADA4A78022A39D0032A29D0BF
:101AA000012A53D14B790A791B021343012A01D928
:101AB000002070BD89780829FAD85C4ADBB2D25C74
:101AC000012AF5D894235343594A9B58002BEFD051
:101AD000584D5E682A001868B0472300564AC8333C
:101AE0001A60AB6C00222100D034CC310B60226034
:101AF0000120DEE74A7908791202024326D14F49D4
:101B00004F4B897819702100C8310B600123EAE737
:101B10004B790A791B021343012AC9D8897808290D
:101B2000C6D8424ADBB2D25C012AC1D894235343BF
:101B30003F4A9B58002BBBD05A6918689047220037
:101B4000404BC832187013600123CBE74A780A2A49
:101B50001FD00B2A0ED0092A3AD14A7908791202ED
:101B60000243012A34D82300374AC8331A600223BB
:101B7000364AB8E74B790A791B02134304D18A78B5
:101B80002E4B511E8A419A7022000023C8321360E6
:101B9000A8E72A4BCA781A704B7908791B020343CD
:101BA000012800D984E78978082900D980E71F48EF
:101BB000DBB2C05C012800D97AE7942343431C4878
:101BC0001B58002B00D173E71D691868A847DBE795
:101BD000602200259343812B15D14B78062B12D11F
:101BE0004B790A7960681B02466813432000CA7863
:101BF0008978B047A84200D15AE723004268C83329
:101C00001A6003686EE79426114A6B423340D3583A
:101C1000002B05D16B1C0125022B00D148E7F3E70F
:101C2000200098470028F5D062E7C046487A0010A7
:101C3000440A0020080D0020100D0020DC0A0020BE
:101C4000550D0020540D0020580D00204D1A001095
:101C50003C0A002070B50500FFF7D8FB2A696B69C4
:101C600000249A420CD1EB68A34209D06B6F7835FF
:101C70002A78013494401B891C40A4B263425C4121
:101C8000FFF7CFFB200070BD0368002B07D0910049
:101C90001960511E8A41024B19780A431A70704725
:101CA000B02300200368181E02D018688008C0B254
:101CB00070470000036870B50400002B02D10023B8
:101CC000180070BDFFF7A2FB236830CBFFF7A9FB1C
:101CD000002CF4D0FA220A4B9200986A00210023CB
:101CE000401B05F065FB0023064A8018594100237C
:101CF000054A05F065FB0023A0425B41E0E7C046D2
:101D0000004005403F420F0040420F004B1E072B92
:101D10000BD889004358002B07D091001960511E41
:101D20008A41024B19780A431A707047B023002089
:101D300003000020082906D889005B58181E02D02D
:101D400018688008C0B2704770B5082902D900230E
:101D5000180070BD890044182368002BF7D0FFF7E6
:101D600055FB236830CBFFF75CFB002CEFD0FA2249
:101D7000094B9200986A00210023401B05F018FBD4
:101D80000023064A801859410023054A05F018FB34
:101D90000023A0425B41DBE7004005403F420F00CB
:101DA00040420F00034A916A936A5B1A9842FBD83B
:101DB0007047C04600400540D0231B061A68034BFD
:101DC00092009B185B68D8687047C046140F0020CB
:101DD00010B50F3018D0FFF719FBEFF30983203B44
:101DE00083F3098880225204DA61D0221206116836
:101DF000074A8900521852681168D2688968926847
:101E0000914202D9034A9A6110BD034AFBE7C046DA
:101E1000140F0020FF02001002030010036910B528
:101E20001960C268013AC260C2699B188269036185
:101E3000934201D3436A036100238362036B002B47
:101E400000D0984710BD00000300020010B5D63343
:101E50001B78DE3213707F221340064A04001360A1
:101E600043681B68002B01D001219847032323708E
:101E700010BDC04600001150074810B50178052973
:101E800008D10300E0331B78037043681B68002B04
:101E900000D0984710BDC046602200200322F0B554
:101EA000FF26C0250240D2009640890191400A4F8A
:101EB00083089B00DB19AD005C591F22B4430C431F
:101EC0005C51012302409340C02240098000C019A8
:101ED000520083500360F0BD00E100E0C02243687F
:101EE000D20510B5D968DA608368054A0133DB0092
:101EF0009C58002C02D0D2185068A04710BDC04694
:101F0000940E0020F7B5164F164ABB6A642601935B
:101F10004368C5691B68934204D9134A5A3E9342E9
:101F200000D80F360124EB6EA343EB66FFF779FA76
:101F30002B009C331A6813002340224201D11C005D
:101F40000AE0FFF763FABB6A019A9B1AB342EDD32A
:101F50000124FFF766FA6442FFF758FA2000FEBD3D
:101F600000400540A0860100801A06007F2201384B
:101F7000C31713401B18DB110133DB0102329BB284
:101F8000FF3210B593420ED0FF2480220749D200C1
:101F9000240259181000214204D0181C934200D981
:101FA000101C80B210BD80208000FBE780FDFFFF89
:101FB00070B500292ED11C4BDC6C01228B1C9B00C0
:101FC000C0184668B069837C05685A408274728A7A
:101FD000AA4200D92A005E1EB3418026F6001643AD
:101FE000B6B240685B033343104E1218334095423B
:101FF00002D88022D20113430D4A14408022920558
:10200000144300290BD1084AD4640A4AC90089182C
:102010004B6070BD084ACB009B185C68CDE7064852
:10202000CA0012185460F0E700001150FF7FFFFF54
:10203000FFFFFFAF800010500000105070B505008A
:102040004389012003436B81EB689C69A1600021F7
:1020500022606160E1608A4204D0598A013A5018D6
:1020600005F07EF9208200212800FFF7A1FF70BD56
:10207000F0B505000F0087B0934247D80C24110E2D
:102080001202029202981A000023039105F098F9B7
:102090006C43284B0600E41863680490059198424D
:1020A00000D960602B1FDBB20193C023019A9B0112
:1020B0002343012A2CD8012F2AD103221A60A368B6
:1020C0003B42FCD0E022236813408022520122438D
:1020D0001360019B012B09D8032123687B400B402F
:1020E00013600123BB40A2681342FCD080238022EE
:1020F0009B01234312011A6002986660049A059BB3
:10210000039905F05DF90C4CAD00605107B0F0BDCE
:10211000802212011A60084BAA00D1580029D1D0A0
:10212000586905F01DF9431C032058430338FDD2BC
:10213000C8E7C04600800040BC2300208322534BE8
:10214000920010B5DA620022AA21514B09019A6768
:10215000504A514811602F21D160504908605168A0
:102160000029FCDA01214E4A11605A6C012AFCD187
:1021700003214C4A11609A6B012AFCD14A4B1A6820
:10218000002A11DA3F211A680A40012A0CD19A6804
:102190001205120D7D2A07D1EE21DA68C9020A4024
:1021A000C421C9028A421AD08022404952010A60E1
:1021B0003F4940480A60140081688C43211EFAD1CF
:1021C00001221A607C329A603B4A21311160196801
:1021D0000029FCDAC421C902D96008231360374BF7
:1021E0001A68002A11DA3F211A680A40012A0CD124
:1021F0009A681205120D642A07D1EE21DA68C90225
:102200000A40AA21C9028A421AD080222749920193
:102210000A60274927480A60140081688C43211E00
:10222000FAD101221A6063329A60254A2131116085
:1022300019680029FCDAAA21C902D96008231360B1
:10224000204B02211A000420FFF712FF1E4B012130
:102250001A000520FFF70CFF1C4B00211A00072075
:10226000FFF706FF194B00211A000820FFF700FFB7
:1022700000210920164B154AFFF7FAFE124B0021E8
:102280001A000620FFF7F4FE10BDC046008005408E
:10229000008000400040024000B0FA0000600240B0
:1022A0003CB0004030B000400080024000E0004000
:1022B00000F0004000C0004004B0024000C00240F6
:1022C00004F00240001BB70040597307006CDC02A9
:1022D0001BB7000010B5EFF3108372B6044C2360F7
:1022E00005F056F8236883F31088012010BDC0461E
:1022F000100E00200023F0B54B4CD4308DB063603D
:10230000C57881782D0229432A0A032A1FD00ED8C6
:10231000012A00D17BE01800022A01D143483B3357
:1023200060602360002800D020000DB0F0BD41792E
:10233000057909022943212A60D01800222AEFD109
:1023400000296DD00129EBD1B6233948E8E7C9B29D
:1023500018009142E4D80800FDF7E8FF5C02050888
:1023600018233448DCE712233348D9E7334B1E786F
:10237000002E40D1012231001A700AA8073204F061
:10238000C5FF04AD0D223100684604F0BFFF0D22E9
:102390003100280004F0BAFF4B236A462900684642
:1023A000137004F0FDFF15210822694408A804F009
:1023B000C0FF08A91022280004F0BBFF3100204B09
:1023C0004A10AA5C1F481709C75D4E009E19B770D6
:1023D0000027BC46F7700F374E1C3A40825C7600EF
:1023E0009E19B27062460231F2702029E8D1423261
:1023F0001A703F3A5A701248037891E700290CD0BE
:102400001800012900D08BE709230F4888E7122321
:102410000E4885E704230E4882E709230D487FE72D
:1024200044230D487CE7C046A00D0020877B0010A8
:10243000897A00105B7A0010757A00105A0D00201E
:102440005B0D00204A7A0010B27B0010C27B0010A6
:10245000837B0010997B00103F7B00101349144BC5
:1024600010B50022CB604020124B134C18879C61A2
:102470005C63802498831A7532331A700F48104BAE
:10248000A4051C501A600123E2310A800D49D800CE
:102490000D4C4018D9000C198260E267C2600B48ED
:1024A00001330918CA670F2BF0D110BD602200203C
:1024B000A4790010E00A0020000110504C20000018
:1024C00000001150F8FF0F50040010500800105089
:1024D00070B51E4B9B78012B1FD11D4B1B787F2B9A
:1024E0001BD9FEF7E1FC1B4C202260701A4920002A
:1024F00004F028FF002827D020222100164804F0ED
:1025000018FF164B1B68002B1ED09B68002B1BD09E
:10251000062222702000984716E0FEF7C5FC104CFA
:10252000082220700F49200004F00CFF00280BD077
:10253000082221000B4804F0FCFE084B1B68002B0E
:1025400002D05B68002BE5D170BDC046DC0A0020DC
:1025500052240020E40B0020EA2300200C24002059
:10256000DC0B00201024002010B5002805D0034B00
:102570001A7810431870FFF7ABFF10BD48240020F5
:1025800010B5002803D0FEF7C5FCFFF7A1FF10BD72
:1025900003000800802110B59C1849018C4203D823
:1025A0000249C91804F0C5FE10BDC046240F002022
:1025B00013B56B46DC1D0023012221002370FFF7B9
:1025C000E7FF207816BD000073B50026042201A99C
:1025D00008200196FFF7DCFF044C019D23202560B5
:1025E0006660FFF7E5FF2560606073BD4024002052
:1025F00013B56B469C1D0023022221002380FFF7A8
:10260000C7FF208816BD0000006810B5002806D05E
:10261000034B9B6A82644360083004F08AFE10BD5D
:1026200000400540016810B5002907D08B6C0832C6
:102630001364083110001A0004F07BFE10BD000086
:102640000B7810B5082B0AD89B00C058002806D07C
:10265000034B9B6A82644360083004F06AFE10BD3D
:102660000040054010B508290BD8890041580029C1
:1026700007D08B6C08321364083110001A0004F084
:1026800058FE10BDF7B502318900401843681600A6
:102690005C691B8A216822698D1A9D4200D91D0040
:1026A0000023180052198A42584122618203019284
:1026B000217D2F000A00501E824152030092012208
:1026C0004A40A06922759E4200D0A38BC0182A0000
:1026D000A16804F02EFEA36806485B19A360384386
:1026E000009B80B21843019B1843002E00D00004C9
:1026F000FEBDC0460084FFFFF7B58B1C9B00C318CE
:102700005B680C1E5F691A4E019023D1194BDB6C7C
:102710000022210001980093FFF7B4FF3A683B695B
:1027200005009A4205D0012221000198FFF7AAFF77
:1027300005436B0111D5104A009B13401A00A023DA
:10274000DB051343002C0FD10A4AD3641034E40094
:102750003551F7BDCB00F358DAE7084A009B134028
:102760001A0080239B05ECE7E200B350EEE7C04679
:102770000000105000001150FFFFFFDFFFFFFFAF10
:1027800070B501248C4005892C4304818C1CA40065
:1027900004196468646923600023A2606360E360D5
:1027A0002361FFF7A9FF70BD10B5446B606F03781C
:1027B000042B13D123007833197801238B4002892D
:1027C00013409BB2002B09D162692369934202D165
:1027D000E368002B02D108CAFFF7D2FF10BD00004A
:1027E00070B50500C43504002878002840D00638AC
:1027F000C3B20F2B32D80F2830D8FDF797FD392FF1
:102800002F0824302F2F2F2F2F2F2F2F3939230030
:10281000CC339A7B1868DB7B1B021343984212D29D
:10282000E368198A04F0D4FD0E1E0CD1FEF7EEFD0C
:102830003300320031002000FFF7A2FFFEF7F1FD68
:102840000A232B700AE014232B70FEF7DFFD002211
:1028500020001100FFF7F2FBFEF7E3FD70BD23003F
:10286000D0331B68002B01D0200098470023E8E7F5
:1028700001230C490C480D4E43508023F26F1B017D
:102880001A43F26702224250094AD16F0B43D367C1
:1028900063681B68002B02D006212000984706239E
:1028A000CFE7C0466820000000001150040010501F
:1028B0000800105070B50500C4352B780400142BA7
:1028C00031D021D8062B06D002D8002B03D070BD02
:1028D000093B022BFBD801231A491B481B4E4350CE
:1028E0008023F26F1B011A43F26702224250184AFA
:1028F000D16F0B43D36763681B68002B02D006219E
:102900002000984706231AE0152BE0D10A3B2B70D4
:10291000FEF77CFD002320001A001900FFF730FFAE
:10292000FEF77FFDD3E7C3689B695B68002BCED1C0
:102930000300D0331B68002B00D0984700232B7076
:10294000C5E7C04668200000000011500400105088
:1029500008001050802210B5054C002120005201C3
:1029600004F0D4FC8022034B5201A35010BDC0469A
:10297000240F00200810000010B5FEF779FD0400B8
:10298000FFF7A8FCFFF7E6FF012C01D1FEF77EFD63
:1029900010BD0000F0B53E4F3E4E3B6885B0009341
:1029A0009B1B02933C4B04001D786B460A2813D1F5
:1029B0001889290004F014FD681AC0B2062104F039
:1029C000CFFCC4B2002C01D105B0F0BD2020013CE9
:1029D000E4B2FFF7DFFFF5E71B8901930D2813D160
:1029E0006B461C892900200004F0FAFC8023691A38
:1029F000C9B264189B009C4201DB00210191019B3C
:102A0000591876183E60DFE70626244B320018007E
:102A10000099039304F08DFCDF2C30D932000021A3
:102A2000009804F073FC06220099039804F08AFCD5
:102A300000280ED001200200019B19495B099A4031
:102A40000B881A436B461B8905335B099840024388
:102A50000A80019C29000634A4B2200004F0C0FCC6
:102A6000691AC9B2052901D80C19A4B280239B00A8
:102A70009C429B411C40074BE4183C60A4E7744314
:102A8000084932000098611804F053FCCBE7C046B7
:102A90003C2000204020002048220020080E00207A
:102AA000382000207D7D001010B5084B9B78012B4D
:102AB00009D1074B1B787F2B05D91E220548002121
:102AC00004F024FC10BD06220348F8E7DC0A0020CD
:102AD00052240020E60B0020DE0B0020036810B516
:102AE0000400002B09D018009A6C0021083004F073
:102AF0000DFC002223681A605A6010BD70B50500F5
:102B0000040024352368002B09D018009A6C00219A
:102B1000083004F0FBFB002223681A605A6004347A
:102B2000AC42EFD170BD000010B5EFF3108372B668
:102B3000054C2360FF235B03C01804F019FC2368D5
:102B400083F31088012010BD100E0020F0B58DB069
:102B5000FFF7C0FBFEF78CFC802200242A4D099071
:102B6000120129000020FFF7DFFF284A284B295DCA
:102B70001F00C9B251400B02079300230E0012221E
:102B8000080006933900002304F012FC02000B0039
:102B90007801F10E091801917101009100980199D5
:102BA00012184B4192197B41F801710E09180391DB
:102BB000F10102910298039912184B413802310E2B
:102BC00009180591310204910498059912184B4196
:102BD0000698079912184B418021013449018C4213
:102BE000C5D10A920B93200004220AA9FFF79CFF8B
:102BF000099B012B01D1FEF749FC80230220054AE5
:102C00005B01EA500DB0F0BD240F00202523228483
:102C1000E49CF2CB0810000080218022054B490182
:102C20005B58012010B59201934202D3FFF78EFF4B
:102C3000022010BD240F002037B580246A46074DBE
:102C400064012B59911D088001221800FFF76CFFC9
:102C50002B5902332B51FFF7DFFF3EBD240F00201D
:102C60008023F0B51500821804000E0085B05B01CA
:102C70009A423BD8414F2A00C7193900300004F06E
:102C800061FB002832D02A003100380004F051FBEB
:102C9000FEF7EEFB0190012D2AD0E30728D4802314
:102CA000DB019C4234D2707833780002184301284B
:102CB0001ED8434258411F23404298436038630A5C
:102CC000184363081B02C0B2184380B2FFF7B4FF79
:102CD000012806D1023D02340236002DDBD1FFF778
:102CE0009BFF019B012B01D1FEF7D0FB05B0F0BD8E
:102CF0003F2C0DD84020337820431B02C0B218432C
:102D0000FFF79AFF0128ECD1013D24183618E4E7BB
:102D10000095052D01D9052300930022002302927E
:102D200003930732230C1340009A02AFD2001343DF
:102D30003B703100230A009AF81C7B70BC7004F0D1
:102D4000F8FA3888FFF778FF0128CAD17888FFF7AA
:102D500073FF0128C5D185420BD0B888FFF76CFFFF
:102D60000128BED1032D04D9F888FFF765FF01289B
:102D7000B7D1009BED1AE418F618AEE7240F002037
:102D8000002337B50D00042201A901930400FFF7C9
:102D9000FFFB019B9D4205D00422200001A9019563
:102DA000FFF75EFF37BD37B50D000400FFF700FCED
:102DB000A84206D06B460122D91D20000D70FFF7F6
:102DC0004FFF37BD10B5054C08202168FFF7D8FF2D
:102DD00061682320C9B2FFF7E6FF10BD4024002040
:102DE000044B054A10B51A6000221A71FFF7EAFF7A
:102DF00010BDC046402400200500FF6410B5044A01
:102E00001379002B01D0013B1371FFF7DBFF10BDDD
:102E10004024002010B5044A1379022B01D8013355
:102E20001371FFF7CFFF10BD40240020F0B5194CFF
:102E300085B026780700150000910193F30723D58C
:102E4000154BB2089B5C154A310013700322914365
:102E500004291BD1009A02AB5A7018709D70029819
:102E6000FEF732FB01040202090EC0B2120EF60791
:102E700001D5FEF791FB009B6770A370019BE57085
:102E8000002B01D0FFF79EFF05B0F0BD022BF2D161
:102E9000E578F0E740240020BD8300103B240020AB
:102EA00010B5054B5878DA7808309978C0B201230C
:102EB000FFF7BCFF10BDC0464024002010B5054BF5
:102EC0005878DA7808389978C0B20123FFF7AEFF56
:102ED00010BDC0464024002010B507488378C27852
:102EE0001133191CFF2B00D9FF2101234078C9B2EF
:102EF000FFF79CFF10BDC0464024002010B50748D6
:102F00008378C278113B191C002B00DA00210123C1
:102F10004078C9B2FFF78AFF10BDC04640240020A8
:102F200010B50748C37811331A1CFF2B00D9FF22B4
:102F3000817801234078D2B2FFF778FF10BDC046F8
:102F40004024002010B50748C378113B1A1C002B01
:102F500000DA0022817801234078D2B2FFF766FFC1
:102F600010BDC0464024002037B50D000400FFF717
:102F70003FFBA84206D06B460222991D20000D801F
:102F8000FFF76EFE37BD00000A4910B54B785A07AF
:102F9000D20F82420CD001220240042092008343CF
:102FA00013434B700988FFF7DFFF0220FDF760FF36
:102FB00010BDC04652240020F0B5142900D21421BF
:102FC000D02614220D4C0E4D3606336847189B0050
:102FD000E3185B689B6A04339B005F51AB6A181A65
:102FE000814203D8013211001800EEE7142A03D9F8
:102FF0000123E2681343E360F0BDC046140F0020D4
:103000000040054070B50468C2608B6048600C6089
:1030100061600160142B00D21423D02109060968D5
:10302000154C890061184968D5188E6A1349301DFE
:10303000800045500120B04048638D6B2843886371
:1030400014208D6AAE1AB3420ED8431CD02000065D
:103050000068D218800020184068806A0430800020
:103060000A5018002A00ECE7142803D90123E2686B
:103070001343E36070BDC046140F002000400540BC
:10308000D0231B061B68F7B5354E9B00F3185D680F
:103090002B00103300932C69324FEB69B86AA26899
:1030A000C11A8A4251D89B18EB6162680193236868
:1030B00013605A60002323602B69009A9A420BD157
:1030C000D02301211B061B68BA6B9B00F3185B68B9
:1030D0009B6A99408A43BA63FEF7A3F9E36820002C
:1030E00021699847FEF792F96369002BD3D0BA6A39
:1030F0000199511A8B420DD20223F0680343F36009
:1031000000232869009F874208D121000098FFF71B
:1031100079FFF7BD01989B1A1B18F2E75A188A42EB
:1031200000D31300826893420CD84268A3606260A7
:103130002060146082684460D21A01235B4282607E
:10314000AB61A8E700689B1AECE70099A142E0D0C8
:10315000191A8918E861A160FFF72EFFD9E7C04668
:10316000140F0020004005400023826803750369A6
:103170001B6899689142FBD25A68036042601060F4
:103180005860704710B50C00FEF740F9207D052807
:1031900007D8FDF7CBF80C060603130F0022A3692E
:1031A0001A6001235B422000A361FFF7DDFFFEF7F9
:1031B00038F910BDA269936801339360626823688F
:1031C00013605A60EDE70000D02212061168084B28
:1031D00089005B185B68016910B5994205D0136DD1
:1031E0009B0702D501235B425365FFF7BDFF10BD6E
:1031F000140F0020174B70B5D968174B1B68DB0004
:10320000D9400F231940154B586A02009E6A586A2C
:103210009042FAD132001E2600244E433736FF3644
:1032200003002100300012184B410D4D0CC5FEF774
:10323000EDF80C4B9A6801329A60A24206DC1868DD
:103240000268536084611A60FFF7BEFFFEF7E9F879
:1032500070BDC0460000205090090020004005408D
:10326000D80D002084090020F8B50B0011339B0015
:10327000C3185C6805000E00002C5DD0FEF7C6F890
:10328000230000228C331A7067692269BA4202D186
:10329000E368002B2ED1B31C9B00EB185B685B69C5
:1032A0001B68002B26D023009033186800280BD011
:1032B000BA4204D10022E3681100934201D13900DF
:1032C00004C9836800689847E368E2690133E360F2
:1032D00063699B18A2696361934201D3636A636166
:1032E0002068844206D0036823605C600023836109
:1032F000FFF76AFF62692369934216D1E368002BE6
:1033000013D0B31C9B00EB185B681A68022A11D11A
:103310005A69116800290DD01A8A0B00013A13402E
:10332000114207D12A00D43200E008CA3100280037
:10333000FFF726FAFEF775F8F8BD036810B5002B05
:1033400005D00022026018009961FFF73DFF10BD13
:10335000F7B50500C4352B780400002B01D00023FD
:103360002B702300D43318000822BF49009303F0C8
:10337000E0FF63689B68002B20D1009B1A786023D4
:1033800016001E401A423FD00123B849B848B94E32
:1033900043508023F26F1B011A43F267022242500E
:1033A000B54AD16F0B43D36763681B68002B02D00B
:1033B00006212000984706232B70F7BD2000984770
:1033C0000028DAD023002700DA331A78CC375B786C
:1033D0003E681B0213439E4201D91E003B60009BC6
:1033E0001B787F2B00D887E1002E00D178E10923DC
:1033F0002B70FEF70BF822000021C8323B681268E0
:103400002000FFF7BDF974E123007F21D5331B783D
:103410000A401B021343994A934200D140E12AD843
:103420008022520093425ED00FD8012B53D0022B42
:1034300000D1D1E0002BA7D122002100C832DC311D
:103440001160022151609360BCE7812252009342D7
:1034500000D1E4E0FF32FF32934200D094E7230032
:10346000D6331B78012B00D08EE72200DC32118886
:10347000DB180B4342E08022120193424CD022D849
:10348000A022D200934240D07D4A9B18012B00D944
:103490007AE72300D8331A785B7821001B021343A4
:1034A00022006068D632D731476812782000097848
:1034B000B847002800D167E723004268C8331A6084
:1034C00002685A601FE09022120193422BD06D4A8D
:1034D000934200D058E76C4A2300C8331A60022296
:1034E0005A60002216E02300D6331B78012B00D04F
:1034F0004AE722000221DC3213888B431380230029
:10350000C8331E605E609E605CE723005F4AC8337C
:103510001E605E609A6055E723002200C833DF32E8
:103520001A600122CDE72378042B3ED1FDF76EFF10
:10353000A368574A26001340A36023004C3310367B
:1035400001933768002F0FD07869002804D002213A
:103550000C304942FFF7F1FEB869002804D002217F
:103560000C304942FFF7E9FE0023019A08C6964253
:10357000E7D13D49DA005218916801334900490802
:103580009160D16849004908D1600F2BF1D1FDF756
:1035900048FF230000220321DF331A706368217083
:1035A0001B68934201D0200098472300D6331B7834
:1035B000002B0BD02200DF321370042323706368CA
:1035C0001B68002B02D00221200098472200002314
:1035D000C8321360536036E72300D8331A780F23BC
:1035E0008021134052B20901DB00002A0EDA1E4A84
:1035F00020489A181B18DB6F0B4201D0254A6BE755
:103600001368002B00DBBFE6234A65E7164A1A4819
:103610009A181B18DB6F0B42F0D15368F1E72300B7
:10362000D6331A78002A00D0AEE698780F2103002E
:103630000B400842CAD0991C8900611840B2496801
:10364000164EDB00904207DA0A481B18D86F30404C
:10365000D8674B691A75B9E707481B18D86F30400F
:10366000D8678B699A74B1E7000010506820000099
:103670000000115004001050080010500203000018
:1036800000FAFFFF020C0000C4790010491E001070
:1036900001000100C2790010C0790010FFF7FFFFA0
:1036A0002300D6331B78002B00D06DE62300D833DF
:1036B0001A780F2113000B400A4287D0802152B2A2
:1036C0000901DB00002A05DA154A9B18DA6F0A4364
:1036D000DA677BE7134A9B18DA6F1143D96775E7FE
:1036E00014232B70FDF792FE320031002000FEF70C
:1036F000A5FCFDF796FE60E6002E08D015232B7082
:10370000FDF784FE2300C8333A681968EEE70B23FF
:103710002B70FDF77BFE33003200310070E6C046AF
:10372000040010500800105070B5022504006D42CE
:103730002068844200D170BD036823605C608561AD
:10374000FFF742FDF4E7036A10B5C360436A4361C3
:10375000036100238362C362FFF7E6FF10BD000030
:10376000F0B5080087B0052900D9DCE0FCF7DEFDE4
:10377000BEDB03BEBEDDFDF749FE0023704C0593A2
:10378000636F0293230078331F78029BBD005D199D
:1037900023003833EB60E06C002803D020220021A6
:1037A00003F0B4FD206D002803D01C22002103F09B
:1037B000ADFDEE68B36975690193002F25D14023F3
:1037C0000199604AAB83AA612F754A610B838F749C
:1037D00080215D4A5D4B8905D1502000FFF7B3FF82
:1037E000002301222372059B94340592012BC7D13B
:1037F000FDF717FE564B1B78002B02D00520FEF775
:1038000011F90220FEF70EF98DE0002D37D0514A54
:10381000FB009A180023D3672B753268402003926F
:103820000493012A12D1308AFEF7A0FB80220223E2
:103830009200904208D080220133D200904203D0FF
:10384000431EFF3B5A425341DB060493029AE23285
:103850001300118842008A181A803F4BA883CA18A7
:10386000039B8131AA61FF319A060A4380213B4BB9
:1038700009061143FA00D218049B02C2D367019BC8
:10388000002BAAD0354BFA00D718354B4020D21860
:103890000023D367019A93743568012D11D1308AC2
:1038A000FEF764FB802202239200904208D080221F
:1038B0005B19D200904203D0431EFF3B5A42534152
:1038C000DB06029AAD06E23211880E181680224AF3
:1038D000019E8A18726180228131FF310D431206E8
:1038E0002A4330837A600837FB6776E70025012694
:1038F000FEF798F8FDF78AFD114C20002672FFF7BD
:1039000013FF2000FFF71FFF230090331B68002BDD
:1039100002D0DA68186890476B1C94343500022B8B
:10392000EBD1FDF77EFD07B0F0BDFDF76FFD002286
:10393000034B1A729C331A70FDF773FD052061E783
:10394000B409002000011050000011504C2000006C
:103950005D22002004001050800110500000105023
:1039600008001050EFF3108072B6034A1368002B62
:10397000FCD0BFF35F8F70472C0100D08020F0B5E2
:10398000C00085B0FDF756FED023082406221B0692
:103990005C629B4B0125DA619A4B3D321A61FFF75D
:1039A000E1FF99490A7813002B402A4229D00223CB
:1039B0001A4223D003352A4223D0033B224202D1AC
:1039C000043322430A70BFF35F8F00228F4C2260C2
:1039D00080F310888E485A1C0ED08E4A1A27136026
:1039E000FFF7C0FF80228C4B02901B68D2049342E9
:1039F0000DD3013F07D28948FDF726FE1C002B009E
:103A0000DFE72C00DDE73F21B9400B42F1D13F2237
:103A1000BA401100194001911A42ECD18049814EFF
:103A20008C46B91D009139006046058880208001D0
:103A3000854200D2ED190800123080008551022025
:103A40008444009801318142EED1734913430B60E5
:103A5000BFF35F8F00232360029B83F310886D4BBD
:103A600071491C6818236343704A00939A185B18C5
:103A70001068196880258C46C02189011943AD0260
:103A80000D606B496B4D1160009949196A4D0D60CD
:103A9000106062461A607B1DFA011B0313430393F7
:103AA000664B5869FCF7E8FF6549FCF76BFC029030
:103AB000FCF750FC85B2002085420DD02800FCF7B1
:103AC000DBFF011C0298FCF737FE8721C905FCF7D4
:103AD00039FDFCF73FFCC0B20122A240336800026E
:103AE0009343336018236343564A2D049A1828439E
:103AF00010604D4A03989A181060534A53489A1818
:103B000010604A4A52489A181060009A4E4812189B
:103B100080204001024380200006106010604D4A62
:103B20000120A240B260221D90404B4A0834106030
:103B30000120A04010603F4A9B181F60354B32683F
:103B40001B680093012300998B4013433360FDF7FA
:103B50005DFC424B424C1A685B681700029203936B
:103B60001F43E568019B2A0001333A403D423FD1A3
:103B70003A4E3C49DB009951F3185A60D0231B069A
:103B80001B68002B29D1029B002B03D103210B20A2
:103B9000FEF784F9029B2B433360002F02D10420EF
:103BA000FDF748FDFDF73DFC2F4BE2681C60D0237C
:103BB0001B0619682368002920D12C495A50009B04
:103BC0002B4A9B009B1862682A4953601E22009B67
:103BD000DB0313430B6005B0F0BD039B002B03D147
:103BE00003210C20FEF75AF9039B2B437360D4E7A3
:103BF000019310340C2BB4D10024D3E71E49DDE728
:103C00000040014000C00140C50D00202C0100D043
:103C1000F073001090090020C80D002014740010EB
:103C2000AA74001000002050CC002050DC0020506E
:103C300060000004D80020509FE00000BC2300205A
:103C40008096984BC8002050D0002050000006708D
:103C5000000C00200101010100202050940E0020E2
:103C6000747C0010F5310010D00D002004240000F9
:103C700010002050D40D0020142400000A006423FA
:103C8000010010B5782003F0C5FA43425841C0B294
:103C900010BD0000084B10B51B78002B0BD0074C53
:103CA0002378002B07D002210548FFF7E7FF002803
:103CB00001D00023237010BD4222002041220020A9
:103CC000797D001070B50400FDF70EF82518A542A7
:103CD00000D870BD2078FEF75DFE0134F7E70000E4
:103CE000D0231B061A68084B92009B185B6810B51E
:103CF000D9680875186802681A6053600122027555
:103D0000D860FCF7E3FA10BD140F0020D022F0B504
:103D1000120613688BB0039042489B00C3185B687F
:103D20000190DB6802934B1C00D176E0136804AC71
:103D30009B00C3185B683C4F0093029B23613B4B85
:103D4000E36000236361009BBA6A1D6910339D42E2
:103D500022D10B0028002100FFF754F90398FFF748
:103D6000BFFF049B002B13D0D02109060A680198DD
:103D70009200821852681069A0422ED06168A06833
:103D80000B60596099680918996001235B4293613F
:103D9000029B98690BB0F0BD009BDB69D31ACE186B
:103DA000B34200D90E00AB68B34202D91000FFF74E
:103DB00003F9AB689E420DD86B68A66063600495FA
:103DC0001C60AB68009A9B1BAB6001235B426C607C
:103DD0009361C3E72D68F61AEBE71000103013610A
:103DE000586083420BD10B6801999B00CB185B682C
:103DF000BA6B996A01238B409A43BA63C8E7996802
:103E0000A06809189960B86AD369C21A9142BFD9EB
:103E1000C918091AFFF7D0F8BAE70398FFF760FF4F
:103E2000B6E7C046140F0020004005408531001061
:103E30007047000070B5FEF781F9074C074B226808
:103E400000259A4205D006482360FDF7ABFF2560A8
:103E500070BD2560FDF7DAFDDC240020BAB0FECA93
:103E6000400D03007047FEE7F0B5082000240E491E
:103E70004A680E6815008B68AB4210D8D51E002624
:103E8000AB4203D303339B1A9B089E00CB68921965
:103E9000934207D8013810310028E9D1F0BD80CE17
:103EA00080C5E9E710C2F3E7C8790010D0231B06EC
:103EB0001A680E4B92009B185B6810B51868D96899
:103EC00002681A60536001220275D86000238A6874
:103ED0000B750B691B689C689442FBD85A680B6091
:103EE0004A6011605960FCF7F1F910BD140F002011
:103EF000D0231B061A68074B92009B185B6810B50D
:103F00001A68DB6892689B689A4201D9FFF7CEFF76
:103F100010BDC046140F002070B5FDF777FA444C71
:103F2000A368013BA360002B0EDBFDF77AFA414B3F
:103F300003CB414B5A6A9142FCD891424DD19A6AC7
:103F400082424AD25A6AF8E7FDF736FF6368046096
:103F5000436084613949186060600520FFF7D6FE30
:103F60000500FDF75EFA0135E1D10120344B354EF5
:103F70001A685368D9688143D96010683249D26899
:103F8000425081590D0015401142FAD1C022D96822
:103F9000D2050A43DA602D4B2D491A681823534382
:103FA0005B18802149010B438021090619601960C3
:103FB000012304329340274A1360FDF727FAA560D6
:103FC00002256D422368A3422AD1FFF791FFFDF736
:103FD00028FA8C204000FDF7E5FE00221E491F4C08
:103FE0000B7848781B06000403438878950000028C
:103FF0000343013263510331032AF1D1104B1848B6
:1040000019684B6889681C609A60164AC902126870
:1040100002400A43DA600122D9680A43DA6070BDBF
:104020006068436863601C60FFF7CEF88561C9E78C
:1040300084090020D80D002000400540B80B000086
:10404000D00D00204404000044240000900900200A
:10405000D000205000202050BC0D0020B00D0020CA
:10406000FF87FFFFD40D0020F8B5EFF31083012583
:104070009D4303D0EFF30583FDF7C8F9184B194EA4
:1040800019489C6A01683368184AE41AA14208D9A1
:10409000174F1168E419174FDB193360164BC91815
:1040A000116016680460002D05D0EFF30583DB0571
:1040B00012D0FDF7B6F9FA22002320009200002169
:1040C00003F076F900230D4A8018594100230C4A69
:1040D00003F076F93018F8BDFFF70AFFE9E7C046AC
:1040E0000040054034200020302000202C200020FB
:1040F00080C20E00803DF1FF708541003F420F00FD
:1041000040420F00F0B5002785B003AC654D278015
:104110002E68731C00D104E1FDF778F90123624891
:10412000F200D021B3401218052009064B6210603E
:104130005E4AB600B618402232608B61FDF771F915
:104140005B4B5E695B4B9E4200D8C1E030005A4930
:1041500003F006F9594A0300964200D898E0C008D7
:10416000C20001389B1A0F2800D991E0FCF7E8F84B
:1041700088008000780070006800600058005000DF
:1041800048004000380030002800200018001000CF
:10419000C046C046C046C046C046C046C046C046EF
:1041A000C046C046C046C046C046C046C046C046DF
:1041B000C046C046C046C046C046C046C046C046CF
:1041C000C046C046C046C046C046C046C046C046BF
:1041D000C046C046C046C046C046C046C046C046AF
:1041E000C046C046C046C046C046C046C046C0469F
:1041F000C046C046C046C046C046C046C046C0468F
:10420000C046C046C046C046C046C046C046C0467E
:10421000C046C046C046C046C046C046C046C0466E
:10422000C046C046C046C046C046C046C046C0465E
:10423000C046C046C046C046C046C046C046C0464E
:10424000C046C046C046C046C046C046C046C0463E
:10425000C046C046C046C046C046C046C046C0462E
:10426000C046C046C046C046C046C046C046C0461E
:10427000C046C046C046C046C046C046C046C0460E
:10428000C046C046C046C046C046C046C046C046FE
:10429000581E07281CD8FCF749F81A1918171615C4
:1042A0001413C046388500100440014004C001408A
:1042B000BC230020FF083D0000093D00FF502502FF
:1042C000C046C046C046C046C046C046C046C046BE
:1042D00001230093D0231B06042200269C462A4873
:1042E0000368019301990023013108D063460199C5
:1042F0005B68CB4001210B400099013B0B401E4302
:10430000009B013A5B00D2B200930430002AE7D14F
:104310002868431C01D0FDF78DF81E20FDF742FDF3
:10432000E6557E1C04350127022E00D0F0E632004F
:104330002100164803F006F8154F00280CD0320073
:104340002100124802F0F5FF01233B70FFF78CFEBD
:10435000104B186005B0F0BD3B788342FAD00D4B8E
:104360001C68FFF781FE8442F4D0320007490A48F6
:1043700002F0E8FF002804D032000449064802F0A9
:10438000D8FF00233B70E5E740850010E6230020BE
:10439000B8230020B4230020E423002070B5194C7A
:1043A0002378DB0726D50123002804D00433984264
:1043B00001D83A330340032022789B000240134384
:1043C0002370002901D0FEF7FDFC217801220906A7
:1043D0000D48890E02F0A2FF0C4B0D4D00280AD0AB
:1043E00000225A700123EB70E2780023A1786078F4
:1043F000FEF71CFD70BD01225A70FFF735FE2880C4
:10440000F0E7C046402400209B0900203B24002008
:104410004A230020064B10B518780006800E0130A4
:10442000052800D901200121FFF7B8FF10BDC046C3
:1044300040240020064B10B518780006800E013885
:10444000C0B2002800D105300121FFF7A7FF10BD41
:10445000402400200B4B10B51B78002B11D0FFF728
:1044600003FE094A094B0A4C801818602378002B78
:1044700007D102210748FFF701FC002801D00123E2
:10448000237010BD4222002060EA00004422002078
:10449000412200207B7D0010F0B5A44B89B01B7831
:1044A0000293002B00D132E100210800FDF7AAF8A9
:1044B0009F4C2378002B09D09E4B1D68FFF7D4FD3D
:1044C0009D4B401B984212D9002323709B4D2E68B0
:1044D000FFF7CAFD801B96280CD9FFF7C5FD1F21E9
:1044E000974A2860137801330B40137002E0237859
:1044F000002BEBD000210800FDF784F89148FFF76E
:10450000E1FB01210020FDF77DF88F48FFF7DAFB82
:1045100000200221FDF776F88C4B1888FCF7EBFBA6
:1045200001286BD002286BD0002802D18848FFF701
:10453000C9FB00200321FDF765F8864B86481B78F0
:10454000002B00D18548FFF7BDFB22780623002A07
:1045500003D17B4A824B12789B5C0024814A9B00EA
:104560009D5821000D20FDF74DF87F4BEA221F6872
:104570007E4B5200FF1A0493BBB29C462D239445F8
:1045800003DBD433FF33DB1B9BB2794A63441088CF
:104590000693764B0026290002009C467F1B03965B
:1045A0000597059B069E5B189BB2B3422ADB039BD3
:1045B000002B02D010006E4B1A800134E4B22D356E
:1045C000042CCED1002800D193E0584B1B78002B4F
:1045D00000D18EE0674B1C78002C00D089E0FFF7FB
:1045E00039FF634B1A88A24200D182E001231100F7
:1045F0002141194216D10134E4B2F8E75E4896E74A
:104600005E4894E766460F78F65CBE4208D0664680
:10461000F75401265B099E40029B324392B20393FA
:104620000131BEE7564D2A78134200D171E00026D1
:104630000322E300D91D5348C170072183704671DE
:104640008271FFF71BFB002853D001226301039303
:104650002B781A4265D000214B481F3202F056FEDB
:1046600000204A4B06930021069B039A1B5C9B1873
:104670003E4A9B180493464B1F5C434BFF1807238D
:104680005B1A029301238B4005937B5C00259C46BB
:104690000726049B059A5B5D1340029A521B324029
:1046A0001E0096400796072652423240DBB2D340A6
:1046B000079E01351E4363463343DBB29C46082DFB
:1046C000E6D163467B5401310829D8D10130042852
:1046D000C9D12D4A6423402100937820443B02F045
:1046E000C9FD002805D10121A140214B1A888A4328
:1046F0001A80284B1B78002B09D0FFF7B5FC264BFE
:104700001B68C01A254B984201D8FFF7C3FA09B0BD
:10471000F0BD602163010B401900A20816001F3193
:1047200089E7049A6301D218D4E7C04642220020E8
:104730003824002034240020ED020000E40D002085
:10474000E00D002025740010317400104E2400206C
:104750003A7400103024002052740010607400106D
:10476000507D0010347D00103C20002040200020AF
:104770003820002040220020427400104A740010AB
:104780004922002094090020E80D0020757D0010CA
:10479000717D00104122002044220020FEFFFF7F97
:1047A00010B5FFF761FC0E4B9A78D9780A4352B2E4
:1047B000002A01D00B4A10801A7959790A4352B263
:1047C000002A01D0084A1080084A1268002A06D040
:1047D000D268002A03D0022118001970904710BD3A
:1047E000232400205E2300205C2300200C240020D2
:1047F00010B5041E28D0031FDBB2A02B25D8294BEF
:104800009A78012A13D1284B197800237F290FD9D0
:10481000264BC1085B189978072303409A400A4247
:104820000DD02000FDF7C2F8FDF752FE07E000238F
:104830001F4AD15CA142F4D00133062BF9D12000EC
:10484000FDF77EF8FDF744FE10BD03002033DBB218
:10485000072B08D80721012301408B40154A117806
:104860000B431370EEE703005B33DBB2022B04D87B
:10487000243CA0B2FDF730F8E6E703005833DBB282
:104880001A2B05D80C4A5B00985AFDF73FF8DBE776
:1048900003003333DBB2122BD6D8FCF749FFFFF706
:1048A0007FFFD1E7DC0A002052240020E40B002027
:1048B000DE0B0020482400208C85001010B5002855
:1048C00007D0031FDBB2A02B04D8FDF76FF8FDF76C
:1048D000FFFD10BD03002033DBB2072B07D80723F1
:1048E000034001209840C0B2FCF714FBEFE703003F
:1048F0005B33DBB2022B03D80020FCF7EDFFE8E7C7
:1049000003005833DBB21A2B03D80020FCF7FEFF5C
:10491000DFE703003333DBB2122BDAD8FCF75CFF9E
:10492000FFF73EFFD5E7000010B500240D4B1C70CB
:10493000FEF7BAF82000FCF7CFFF2000FCF7E6FFF7
:10494000094B1C70FDF7C4FD06222100074802F048
:10495000DDFC074B1C70074B1C70074B1C70FFF7EE
:104960001FFF10BD482400205424002023240020D1
:10497000222400202124002020240020F0B587B02C
:10498000039201900591FCF741FD9423019A5B4D40
:104990005343EB185A6F1278042A03D0FCF741FDF9
:1049A00007B0F0BD8C331B785A1E9341544A5B42CA
:1049B0001340544A9B180293FCF733FD9422019B49
:1049C0005B421340ED1894270024FCF71FFD019A69
:1049D000059B57430093494BDB190493049B9B6A47
:1049E000002B0AD1454EF619F368002B30D03369FD
:1049F0001A1DB262F2699B18F362404BDB19986A88
:104A0000DE6A039B361A1B1B9E4200D91E00402EF5
:104A10004BD94022009902F08CFC009B403440337B
:104A20000093364BDB199B6A4033344AD219D16A62
:104A30009362994204D8D16928000439FDF7EEF950
:104A4000FCF7EFFC039BA3421AD9FCF7DFFCC5E798
:104A5000337A002B0FD1FDF7AFF9029B002B0AD060
:104A60006B68056043602749186068600420FFF7A1
:104A70004DF90028B8DAFCF7D4FC039BA34221D8F7
:104A8000FCF7C4FC942201991C4B4A439B189A6A78
:104A9000002A07D01B69043AD11A9A4202D0280092
:104AA000FDF7BCF9FCF7BDFC7AE73200009902F093
:104AB00040FC009BA4199B190093104BDB199B6AC7
:104AC0009B19B2E7FCF7A2FC9423019A0B4E5343C7
:104AD000F6183300624254418C331A78280014438C
:104AE0001C70FEF721FE2800FEF72DFE0023337216
:104AF000FFF7FEF9FCF795FC65E7C046B409002016
:104B00006079FEFFA086010010B501000822012097
:104B1000FFF734FF10BD10B5010020220020FFF781
:104B20002DFF10BD10B5010006220020FFF726FF63
:104B300010BD10B5010003220020FFF71FFF10BDBC
:104B400010B50400FCF762FCFDF736F984610F2014
:104B5000FFF7C6F810BD10B50400FCF757FC2100A4
:104B60000820FFF7D3F8FCF75CFC10BD10B5FFF789
:104B7000DBFE0648FFF7EFFFBFF34F8F044B054AFC
:104B8000DA60BFF34F8FC046FDE7C04690D0030008
:104B900000ED00E00400FA0570B504000025392896
:104BA00000D150352000FFF723FE0120002D00D05A
:104BB0000348FFF7D0FF2000FFF780FE70BDC0461E
:104BC00080380100F7B50C0001931500204B002838
:104BD0000CD01970FFF748FA1E4B188007230120EC
:104BE00023409840C0B2FDF7BFFCF7BD1E788E424F
:104BF00029D1184B1F88FFF737FAC01B80B2C7288E
:104C000021D82C002034E4B2AE420FD0330001266C
:104C1000072730003B409840C0B2FDF7B1FCBC42D2
:104C200004D82F40BE40F0B2FDF79EFC0198FFF77C
:104C3000B3FF072CD9D8072301201D40A840C0B2DC
:104C4000FDF79EFCD1E7072301201C40A040F6E7BA
:104C500039240020AC0D0020F7B5050001262B7883
:104C6000002B11D0012B3FD16C78601E032805D892
:104C7000AA780335FBF75AFB090D111502353000F0
:104C8000FFF769FF002CEAD1F7BD1000FFF784FFA2
:104C9000F5E71000FFF7ACFDF1E71000FFF70EFE9F
:104CA000EDE71400002004220A273A490B5D1A425E
:104CB00012D1002816D00023374AC11702F078FB22
:104CC0000023364A80185941FA220023920002F04C
:104CD00077FBFFF740FFD2E77843303C20182C7871
:104CE0000135E3E70120F4E72D4AD908D75C072214
:104CF00013402C4A0135525C1A411000304000909C
:104D00002948445C29481C41415C344019413140E8
:104D10000191324209D00223254A11780B431370C6
:104D2000FDF7D6FB3000FFF716FF002C09D040231B
:104D30001F4A11780B431370FDF7CAFB3000FFF7D1
:104D40000AFF3800FFF754FD3000FFF704FF38007A
:104D5000FFF7B4FD3000FFF7FEFE002C05D0E62083
:104D6000FFF7ACFD3000FFF7F6FE009B002B05D0EF
:104D7000E120FFF7A3FD3000FFF7EDFE019B002BC4
:104D800000D16CE72C20FFF707FF3000FFF7E3FEB0
:104D900065E7C046C985001040420F00E7030000E8
:104DA000F47B0010E47B0010D47B0010D47B001057
:104DB00048240020F0B5037987B00190002B39D04A
:104DC0000121FCF7C7FA019B05005B79002B06D097
:104DD0000122AA4B1A70FFF747F9A94B1860A94B9B
:104DE000E818A94B0293042806D8019B5B79FBF7CE
:104DF0009DFA0F232F3E4A00A44BE818019B06287A
:104E000065D85C79FBF792FA4F53454C575B5F00CE
:104E10009F48002B3AD1029B1B785B070AD0019B6D
:104E20005B79002B06D09B4B5B785B0702D5022099
:104E3000FCF71EF807B0F0BD002BECD00123964A1A
:104E400011784B401370FFF70FF9944B1860E2E7AD
:104E5000002BE0D0924C2088FBF74DFF0022012868
:104E600001D80130C2B2012393402380D3E7002B45
:104E7000D1D08C48FFF7F0FE8B48FFF7EDFEA8205D
:104E8000FFF78AFEC7E7002BC5D08848FFF7E4FE8E
:104E9000C1E72623E12211002000FFF793FEBAE7C5
:104EA0002723E522F7E72623E122E021F4E7272361
:104EB000E522E421F0E72623E122E221ECE72723A3
:104EC000E522E621E8E728230122E521E4E75A79F3
:104ED000002A00D1ABE30021754B1970754BEB181C
:104EE0009BB2222B00D9AFE30420FDF781FB694C74
:104EF000714B2080E818212812D8FBF717FA44AC30
:104F00004D20235026535C2FA4325F35628B3865C9
:104F1000933E6B7129562C59416E7E9DA21C48B55B
:104F2000012322781343237004202188FEF71CF804
:104F3000FFF7FAFC6FE70823627813432AE00223A5
:104F40002278EFE704232278ECE708232278E9E7C8
:104F500001236278F1E702236278EEE710232278DA
:104F6000E0E720232278DDE740232278DAE7FFF725
:104F7000DBFC802322785B42D4E70C232278D1E744
:104F800003236278D9E7012223789343CBE70822F1
:104F9000637893436370C7E702222378F5E704221E
:104FA0002378F2E708222378EFE701226378F0E71D
:104FB00002226378EDE710222378E6E720222378A7
:104FC000E3E740222378E0E7FFF7AEFC7F22237877
:104FD0001340A8E70C222378D7E703226378D8E7A9
:104FE0000122042023785907C90F8A439100834383
:104FF0000B430821D2008B4394E70121080063781A
:10500000DA07D20F904302228B43034341009343BC
:105010000B43BFE7012223785906C90F8A43920147
:105020004021E8E7FFF780FC01222378D9094A40B4
:105030007F21D2010B4075E701210E20FDF7B3FE61
:1050400072E70021F9E701222378D906C90F8A43C4
:1050500012011021CFE7012108002378DA07D20FCF
:1050600090438B4303435EE7012263781907C90F1E
:105070008A430821D2008B435FE7C04638240020D2
:1050800034240020C081FFFF50240020E883FFFF6C
:105090006E74001052240020302400202C240020A4
:1050A0004E2400207C740010847400108C74001056
:1050B000392400200090FFFFFF8FFFFF1978222383
:1050C0000B40A64968180A284ED8FBF72FF9061B93
:1050D00020252A2F34393E4348000121A04B18785F
:1050E000084209D088431870FDF76CFE00229D4BE2
:1050F0005A70FCF73DFA8EE6084318708008FFF7F7
:105100004DF988E6002B04D0FFF794F983E6002BD5
:10511000FAD0FFF77FF97EE6002B04D0FDF7CEFE34
:1051200079E6002BFAD0FDF7BBFE74E6002B04D025
:10513000FDF7E4FE6FE6002BFAD0FDF7CDFE6AE640
:10514000002B04D0FDF7FEFE65E6002BFAD0FDF73C
:10515000E7FE60E6002B04D0FDF750FE5BE6002B77
:10516000FAD0FDF757FE56E67F4BEB189BB21F2B8C
:105170000CD8002A19D11F2301242B409C40032066
:10518000E1B2FDF710FE794B1C8044E6002A2CD0DA
:10519000774B9D421FD0774B9D4213D0764B012019
:1051A0009D4215D0754B9D421DD0754B9D4214D02C
:1051B000033B9D4219D1FFF7B7FB7248FFF7CBFCC9
:1051C000FCF724FC704B587801234007C00F58406F
:1051D000FDF7DAFE1FE60020FAE7FDF7CDFB002021
:1051E0006A49FDF7C1FEFFF7C1FC019B04AD1B88B6
:1051F0002B800498002A59D0FCF782F804000100A3
:105200000498FBF7C7FD2A8805AB1A802000059992
:10521000FBF788FEFBF796FF0022019B041C5D79DB
:105220009B7903921B061F0F029B1B785B072AD0FA
:105230000395954227D023041B0E19000F3291438A
:1052400040290FD0C1B20A0000202032D2B2039010
:10525000072A18D91F229343202B03D1012912D9E1
:10526000874210D00022484B03925B785B070AD537
:105270000220FBF7FDFD029B1A78072313405A42D8
:105280005341DBB203932304180F0B2800D985E0A8
:10529000FBF756F81000100045004500D900ED005E
:1052A00084008400F800560169016901FBF78EFD56
:1052B0000400A8E726052304360F1B0E0F2B00D988
:1052C0003601E4B2002D13D0002E0DD02300203380
:1052D000DBB2072B02D92E4A002C00D12D4A1378BD
:1052E00033431370FDF7F4F82000FFF781FA55E01F
:1052F0002000FFF7E3FAAE4250D023002033DBB2A8
:10530000072B01D9AC4203D13000FBF703FE03E0C9
:105310001F4A1378B3431370FDF7DAF83EE00F220B
:10532000230426051B0E360F9343202B00D0360195
:10533000E4B2002C06D0012C6ED0002D77D0002FC7
:105340004AD0D1E7104B5B785B0741D4A54223D00C
:10535000A64223D00F4A13783343DCE7E087FFFFF0
:10536000402400203B24002020ADFFFF4C240020DF
:105370005B7C00005C7C00005A7C0000017C00002B
:10538000037C000090D0030052240020FFFF0000A7
:105390005424002048240020002EB5D1039B002B6C
:1053A00000D195E0029B1878012302001A401842B0
:1053B00000D08DE0019BC0085A71FBF7ADFC01984D
:1053C000FFF7F8FC029B1878C008FBF7AFFC7FE002
:1053D000002D10D0002F03D13000FDF7C5F8DDE718
:1053E000012FDBD1A44A13781900334331408E4298
:1053F000D4D01370D2E7AF42D0D13000FDF7C0F85F
:105400009D4A1378334201D0B34313709B4A1378FB
:105410003342C3D0B343ECE7002D02D0052FBDD8F3
:10542000DAE7042FBAD83000FDF7AAF8B6E7AF42A2
:10543000F9D00120392C00D19148FFF78CFB2000D6
:10544000FFF73CFAAAE72005800F09D00128A5D173
:105450000020854201D0A005800DFCF757FA9DE79A
:10546000854201D0A005800DFCF736FA96E7E0B240
:10547000002D04D0FCF75CF9FFF792F98EE7FCF7FA
:10548000ABF9F9E723049B019B0F2DD19D421DD160
:1054900023065B0F9B002207DBB2120F9A40E10646
:1054A00002D50F259D40ED4324057649A40F022C1B
:1054B00013D0032C15D0012C04D00B8815431D40AC
:1054C0000D8003E00B8813432B430B80FCF7F8F9A6
:1054D00000210198FBF73EFFACE40B8815435D40CB
:1054E000EEE72A430A80F1E7A3059A0F002D1CD0AE
:1054F000D207EBD52206520F92002307D2B21B0F20
:1055000093400021E00602D50F319140C9432405A4
:105510005D48A40F022C0FD0032C0BD0012C07D018
:1055200002880B4313400380D0E7012ACED9E1E77C
:10553000028813430B43F6E702880B435340F2E71C
:10554000E6B22405240F002D06D02000FBF7E4FB73
:105550003000FDF709F8B9E73000FDF711F8200039
:10556000FBF7E4FBB2E7E6B23000F038042844D899
:10557000FAF7DCFE0328131A2400002D0AD0042FAA
:10558000A4D80123E404E40EA3403F4A11884B4011
:1055900013809BE7052F99D8F3E7E004C00E002D98
:1055A000DED1FBF7B9FB91E7374A002D04D0012388
:1055B000E404E40EA340EBE7158087E7334B5B7808
:1055C0005A0704D4E004C00E002DC9D0E9E7002D2D
:1055D00009D0E004C00E5B07E3D50323C2001343E8
:1055E000029A1370DDE70120FBF742FC012F00D87F
:1055F0006CE70220FBF73CFC68E7002D08D0002F89
:1056000003D03000FFF7F4F860E7E004C00EC8E70D
:10561000AF4209D00120392E00D11948FFF79BFA7B
:105620003000FFF74BF951E7E004C00E98E7184B44
:105630009D4200D098E5174B29201B78002B00D005
:105640000C30FCF7B3F912E01149134B8D4200D036
:1056500034E5AA221B7813401900481E81410D4AE7
:1056600029201170002B00D00C30FCF769F9FCF7F1
:105670002FFFFFF7D0FBC046492400204A2400201A
:10568000803801004C2400204E24002052240020A9
:10569000167C00003A24002048240020F7B51D485D
:1056A00083790F2B31D84379002B2ED01A4A1B4B0C
:1056B00012781B78019245780678194C019A93422A
:1056C00023D0D9000A191779002F1FD05778AF427D
:1056D0001CD1095DB14219D15179002916D14788F1
:1056E0005188BC466746C91B89B2C7290ED80F240A
:1056F0001021837923400B4383719379234019430D
:105700009171FFF757FBFBF7A3FBF7BD07220133AE
:105710001340D3E79824002055240020562400206D
:1057200058240020F0B5040089B00622010004A826
:1057300001F0FFFD814D66792B7922790293002BD0
:1057400013D19A420FD09E4200D1F3E02000FBF724
:105750002BFE002800D1EDE008222100774801F05F
:10576000E8FDFFF79BFF01254BE063882778039353
:105770006B79039901936B88CB1A01999BB200292D
:1057800000D1ADE0C72B00D96FE0002AEBD06378E1
:105790006A780093AB7900990F2B55D8914210D1BC
:1057A0002A78BA420DD1002E48D10F22134001327F
:1057B00013432800AB71FFF7FDFAAB79A371002505
:1057C0001FE0002E3AD1320000993800FBF71CFB95
:1057D000320038000099FBF717FB0500B042EED10C
:1057E0000498FBF7D1FDC3B200040F21020F032A76
:1057F0000AD8012A11D9000E014213D0A2790F2A2A
:1058000010D8280009B0F0BD06320A40012A0ED98E
:105810002000FFF7CFFA019DF3E7000E014201D00F
:10582000002BEED02033DBB2072BEAD9F0E7EF2BC9
:10583000E7D90F33DBB2022BE3D9E9E701233F4A73
:1058400091790B439371BAE7914230D12A78BA42E9
:105850002DD1002E2BD1A3712000FFF7ABFA082227
:105860002100280001F065FD7DE7AB790F2B08D8FA
:105870002800FFF79FFA08220021280001F046FDCA
:105880009DE7002A00D16EE76978627891420ED1D7
:105890002A78BA420BD1002E09D12000A371FFF75C
:1058A00089FA08223100280001F030FD5BE7200072
:1058B000FBF77AFD00283DD0002E3BD01F4A93799C
:1058C0001F2B00D848E7128806A80280039A83712C
:1058D0004280029A027100224271FFF76BFA3BE7A5
:1058E000C72BC8D88A4200D13DE78E4222D06A78C1
:1058F00063789A4214D12B78BB4211D1AB79DA0785
:10590000ADD40F2BABD90F22A3719343F02BA3D0AF
:105910000F21A3791A09013212010B4013439AE7B0
:105920002000FBF741FD002800D015E70123AA79EC
:105930001343AB712000FFF73DFA14E798240020D1
:10594000F0B50D0A8BB0EDB202AA02905160002DA5
:1059500002D000212F4B1970002302A9CB81029B9A
:1059600004AC04931679002E09D001212000267181
:105970006571FBF7EFFC01212000FBF7EBFC657183
:1059800006AD210008222800267101F0D2FC280073
:10599000FFF7C8FE041E1DD11F4B204F00931B783C
:1059A0000822290008A801933E7801F0C2FC2B7957
:1059B000A3420FD00723751C1D40019B9D4212D0AE
:1059C0001748F6000822801908A901F0B2FC3D70C2
:1059D000FBF73EFA0725104C104B20781B788342CA
:1059E0000CD10BB0F0BDFEF79FFF009B08222100F9
:1059F0000C483C701C7001F089FCEBE7084BC000C0
:105A0000C018FFF78FFE0028EBD0237801332B401E
:105A10002370E0E754240020562400205524002061
:105A20005824002098240020F7B5FEF71DFB094EEE
:105A300084B23388A3420BD06D4600272F80FEF737
:105A400013FBAF80688000980199FFF779FF3480DD
:105A5000F7BDC046E8230020F0B593B0FCF76EFB1D
:105A60000220FBF7E7FD80200003FBF7E3FD802029
:105A70000024C002FBF7DEFD0123D2490C604C601C
:105A8000DA0001338C500D2BFAD12020FBF7D2FD28
:105A9000802001254000FBF7CDFDCB4BCB4A1D708C
:105AA000DA601A61CA4A5C605C61DA611C621023C8
:105AB000C849C94E0A68C94813430B6078220021BF
:105AC000357001F023FCC64B74605C601C609C6008
:105AD000DC600623B460E2363480D026C14AC24975
:105AE000D362093354601460146154619461D461C9
:105AF00094635363BD4BBE4A1D70DC6036065C6028
:105B00009C6011603468BB49BB4D5160A2009B187A
:105B10005D60BA4BAC62EB62B94BE2009918D058A9
:105B20004968FCF7BBF90C233365002C00D01DE15C
:105B3000C321C020B34A8900535800061B021B0A28
:105B40000343535080231B021360AF4B00242B618F
:105B50006B6101235B42AB61A24BAC60EC61996A63
:105B600023000A002A626B628033AB636B65A74B2C
:105B7000AC65EC642C65EB602D60AB1D6D602D6435
:105B80000125A34ADD87A349A34B11601A00A3494D
:105B90000832D1671A00883214601A00A049943282
:105BA0001160D02212061268904E9200B21851680D
:105BB0001A00A03215601A000227AC3217801A00B2
:105BC000A83211601A00BC3215601A009548B8322C
:105BD000B43314601C60FDF7F7FA3770FBF721FC53
:105BE000914B924ADD70924B1A60FCF7B3FE802213
:105BF00090495200904801F09CFB80228F4B20007E
:105C00001900802512010A93FBF74EFC8C4E8D4F34
:105C10006D010A9B01971B5D1222DBB2734000935A
:105C20001B0209930023009801990893002301F0B7
:105C3000BFFB009B7A01DB0E9B180393009B013492
:105C40005B010293029E039F36184F41009A019B0D
:105C5000B6185F41009B019A5B0ED2019B18059319
:105C6000009BDB010493049A059BB6185F41009BDF
:105C7000019A1B0E12029B180793009B1B020693AE
:105C8000069A079BB6185F41089A099BB6185F41B0
:105C9000AC42BED10422200010A9FBF705FC109BEA
:105CA000B34202D1119BBB4201D0FCF753FE664DBB
:105CB0000EAC012221002800FBF7F6FB2388002B05
:105CC0004DD010AEDAB2AC1C3380910901295DD001
:105CD000022961D0002900D0B8E00CAB1231C918FC
:105CE00001222000FBF7E0FBE0233278DB02110405
:105CF000194011230CA81B1818785B7807261B0283
:105D000003435BBA9BB219438023D7083E400091FE
:105D100089192C1D5B01994200D997E030231A4262
:105D200005D02000012211A9FBF7BEFBAC1D7F07A7
:105D300007D516210CAB20000122C918FBF7B4FBD4
:105D4000023413210A9B0098320018180CABC918B2
:105D500001F0EFFA802325009B019C42A8D3802309
:105D60000A9A5B01D550FCF757FF75E0012C00D073
:105D7000EBE6C420FF22234B8000195891433F3AA1
:105D80000A431A50802252021A60DEE63F210A407E
:105D90000A991B0A8B54DDE7FF21F8201940800186
:105DA0004902014080201B0A5B000B43591C400143
:105DB00081424BD20A989206D20FC2540023435418
:105DC000C8E7C046940E0020A4240020B024002080
:105DD0000080044000C0004060220020AC2200206F
:105DE000FC0E002000400540E0240020140F00209D
:105DF0000C0F002000000420C00C0420E4840010DC
:105E0000C484001000E100E0D00C0420F00C042059
:105E1000A40C0420740C0420000C04206B1400104B
:105E2000ED020010980C0420DC0A0020051400107C
:105E30009C090020000000102C1F0020240F0020CF
:105E400025232284E49CF2CB0810000080230A9AC8
:105E50005B01D450FCF77AFE002510220021AA48ED
:105E600001F054FAA94BAA4C1D70AA4BAA4E1D7002
:105E70000127726831682772942723006F435433D7
:105E8000E364A34BE06F0431DB1924606460D860E5
:105E90000B0000274343D318A361A04B626122612A
:105EA000E161206262622363A762E7626463FBF7D9
:105EB000ADFA230078331B78626F11339B00D3183F
:105EC0005C603773FBF7ADFA6B1C94340125943694
:105ED000022BCDD18022924B924D5202EA50FBF719
:105EE00095FA914C2378012B12D020228F4B9049A8
:105EF0001F60CA67C0218F4B49005A508531FF315E
:105F00005A588D4802405A50C12301229B01EA5041
:105F100000250123270065602370FE68002E0FD046
:105F20007069002804D002210C304942FDF705FABF
:105F3000B069002804D002210C304942FDF7FDF978
:105F400000260135FE600437102DE6D1FDF7D0FFA5
:105F5000FBF767FA7948FEF7FEFDFBF757FA784B37
:105F6000402231007748636001F0D0F92578012D97
:105F70002FD18020744A4004136803431360FBF759
:105F800059FB80223100D201664801F0BFF980221E
:105F9000310052016D4801F0B9F90923614A536794
:105FA000033393671600FCF759FA80239B05684A70
:105FB0003564F3645D4B1A606268D268002A04D0CD
:105FC0008022196892020A431A6003210520FBF718
:105FD00065FF02252570FBF724FA802300245D4924
:105FE000504A5B0253505548FEF7B5FDFBF70EFAD9
:105FF000594B01279A6A594BD0261A60584B3606DE
:106000001C60584B1C60FBF70CFA21000822564814
:1060100001F07CF94A220520544B55491F70554B1D
:10602000B5626D19C8609A60B5624861DA605F3028
:10603000FBF7B8FE71687368F9409B083B40BB40B2
:106040004D4A39400B431D201370FBF7F3F9200034
:10605000FBF7F0F9494C4A4D2068431C01D0FBF78F
:10606000E9F90434AC42F7D1464D02220021280060
:1060700001F04CF902220021434801F047F90020C9
:10608000FCF7B6FA414E424CB0421DD0FCF774FC0E
:1060900031000020FCF768FF00210220FCF783FE9E
:1060A000012103202180FCF77EFEA021042049016C
:1060B000FCF75AFFFCF794FE00210F20FCF760FE6E
:1060C00000211320FCF75CFE0220FCF771FA314B33
:1060D00018700420FCF78CFA2F4B1880FEF712F88A
:1060E000FA20C000FEF737FDFEF70CF801222B78EE
:1060F00015001D401A4253D0FCF73EFC00202749F2
:10610000FCF732FFFBF782FC4B2200205C220020D0
:10611000B40900205B220020340A0020A9270010C7
:106120004C300000000011506022002090001150FF
:1061300004E100E000E100E0FF00FFFF50C30000C9
:10614000F08400106C22002000C0004000001050BD
:1061500010D001004C2000000040054034200020F9
:10616000302000202C200020532300205223002028
:106170000040014000C00140512300204085001034
:1061800050850010E4230020E6230020E3FE0000F9
:106190004C2400204623002052240020FFFF000052
:1061A0000320FCF705FA80222080A64BA64C1A702B
:1061B000257001F005F80B21A448FDF75FFD0028CC
:1061C0002AD02378A2489B0700D4A2480521FDF7D6
:1061D00055FD002820D00D219F48FDF74FFD0028D8
:1061E0001AD0FDF741FF9D4A9D4B801880229D4C9F
:1061F000186092000021200001F088F801229A4BDB
:1062000052421C60994B1A80994B02321A70994B7A
:106210001A700022984B1A70984D994C2B78002BCD
:106220001ED1FCF7D1F92378032B43D8FCF7D8FD16
:10623000FCF7CAF92378032B3CD803221340013220
:106240001343237000268F4B5E70FDF797FB207879
:10625000C30703D531008008FEF7A0F801232B7097
:10626000012320780021184320700006800EFEF7DD
:1062700095F8002364221800FF21FCF7D7FD0021C8
:106280000420FEF78BF8804B804A1A600024804B74
:10629000804A1978804D1378994252D00F24E85CD7
:1062A000013323400E3C0528F6D8FAF735F844F5BB
:1062B00037400A122378172BC4D903221340113216
:1062C000BEE713700122754B1A70754B0232DA70FB
:1062D000DCE700241370714B1C70724B1C70724B06
:1062E0001C70FCF7E1FB06222100704801F00EF85B
:1062F0006F4B20001C706F4B1C706F4B1C70FBF7BA
:10630000EBFA2000FBF702FBFBF7DAFA6B4B1B788A
:106310005A1E9341624A0133D370B7E71370674B3B
:106320001B78002B00D101205D4BD870AEE71370B5
:1063300001225B4BCBE713700122594BDA709A7044
:10634000A4E7002C00D011705D4D5E4C2B78052B1E
:1063500074D0FDF7D7FE5C4B22781978914200D1BA
:10636000BEE00027594D0093564BDB5D0293009B26
:10637000029A1B78934234D05A4001230026089792
:106380000B920A930A9B0B9A134221D0029A134054
:1063900004930123B3400693069A2B781A4210D136
:1063A000089B10AC63702670FDF75EFE012323711D
:1063B000049B60805A1E9341637110981199FFF7F6
:1063C000BFFA049B002B03D12B78069A93432B70C2
:1063D0000A9B01365B000A93042ED3D1009B029ADC
:1063E0001A70009A7B1C0132012700920135022BA2
:1063F000BAD1FDF739FE02977BE0FDF74BFC34483C
:10640000FEF7A9FBFDF77EFE227830490A7063781B
:106410004B70134312D02B00DC331B889B070DD528
:106420002B78052B0AD180232A4A9B0211680B4343
:1064300013608023284A29495B0153502B78052B90
:10644000DBD086E748220020492200201785001073
:106450000D850010128500100085001060EA000014
:1064600044220020402000203C2000203820002032
:106470004222002041220020402200204A22002007
:10648000402400203B2400200C240020A0090020F0
:106490005C2200205B2200204B2200205D22002095
:1064A000DC0A00204824002054240020232400205B
:1064B0002224002021240020202400203F2300202B
:1064C00060220020E42300204723002044230020F2
:1064D0006842000090001150000011504C20000054
:1064E00059786278914200D03BE7FFF79DFA00238C
:1064F00002936E4B5A78002A22D01A786C4B6D4C5E
:106500001B781B069B0E9B1ADBB2A370022A55D187
:10651000694A6A4DD65CE378002B05D00027E77006
:10652000FDF7A2FDA7802080FDF79EFD2388644A29
:10653000C01A80B2904203D89B1920002380A8473C
:10654000604A614B11789C78002904D000211170B9
:106550001A78DC705A700025D0272E005B4A3F065F
:1065600012780692DB780493594B0A93594B0093A7
:10657000069AF3B29A4225D8534E002D00D0B4703B
:106580000022F378B178994200D185E0F2181479AD
:106590000133E209009203221340F370737864061A
:1065A00001337370009B640E0EAD002B51D1FC23A0
:1065B0002C706B70FDF758FD032750E0FA26464D0E
:1065C000F600A8E701217A687B68CA409B080B4067
:1065D0008B400A4013430A9A0231127811408B42D1
:1065E00020D00F21920013430A9A13703B4A0B40AC
:1065F000D05C009B1B78C01840B202281ADD032231
:10660000631C1340049A934207D02F4AA4182671A2
:106610000125DCB2137801331370032100F0E0FE92
:10662000009B19700A9B013601330A93009B0133CA
:1066300000939DE7831CF0DA0322631C1340049A45
:106640009A42EAD08021204A4942A418314321715C
:10665000DEE7FD232C706B70FDF706FD022701239A
:106660002F716B71688069680E98FFF769F9009B5C
:106670000CAD2C70002B0DD0FD236B70FDF7F4FCDE
:10668000002368802F716B710C986968FFF758F9C7
:10669000012276E7FC23F0E7002A21D0FDF7E4FC95
:1066A000FDF7FAFEFDF7D6FE1FE0C0463B240020B2
:1066B000402400204A23002022850010BD15001030
:1066C000FE7F00005B230020532300205223002084
:1066D000512300205023002069140010268500104B
:1066E000FDF7DAFE029B002BDCD19F4C0622210035
:1066F00010A800F01EFE6378022702930323E356DE
:10670000E757009305230426E356A6570A93002370
:10671000A370E37023716371009B3B4335D0934BAF
:106720001D88FDF7A1FC924A401B137880B2002B14
:1067300000D114E1142828DDFF2B01D001331370A0
:10674000002F07D0FAF7AEFFFF23002F00DDFE3B3E
:106750004343A370009B002B08D0FAF7A3FF009AD5
:10676000FF23002A00DDFE3B4343E3700220205656
:1067700000280AD003256557002D06D0FAF782FFBE
:10678000A0702800FAF77EFFE0700A9B334336D0F2
:10679000784B1D88FDF768FC774A401B137880B260
:1067A000002B00D1D7E0502829DDFF2B01D0013389
:1067B00013706D4D002E07D0FAF792FFFF23002EC5
:1067C00000DDFE3B43432B710A9B002B08D0FAF7F8
:1067D00087FF0A9AFF23002A00DDFE3B43436B71CB
:1067E0000420285600280AD00526AE57002E06D0D1
:1067F000FAF748FF28713000FAF744FF68715A49E8
:10680000029A4B7893421BD102228A56002A01D069
:10681000BA4215D103200856002802D0009B8342BB
:106820000ED10523CB56002B02D00A9DAB4207D1D7
:10683000097949B2002903D1024313438B4201D0A5
:10684000FDF7AEFF062210A9200000F072FDFBF755
:1068500037F84A4B1A78824202D01870FDF704FCD0
:10686000474B00931B78002B5ED000252B00942112
:106870005A420A4043498C58002C69D0002B2CD135
:106880000126FAF7C3FDF3B20A93F1B263692068F7
:106890009847431E98410543FAF7C3FD3A48FBF772
:1068A000D9F9002814D0A3692068F1B298470028CC
:1068B0000ED0FAF7ABFD354F20683A00F1B26368AD
:1068C0009847FAF7AEFD00203149BA6CFEF756F84A
:1068D0000136092ED5D10123C9E7FAF797FD63697F
:1068E000002120689847431E98410543FAF799FD17
:1068F0002848FBF7AFF9002814D00021A3692068CD
:10690000984700280ED0FAF781FD204E0021320072
:10691000206863689847FAF784FD01201C49B26C2F
:10692000FEF72CF8009B1D701B4B1B78002B00D131
:10693000ACE41A4C2568FDF797FB401B132800D8E0
:10694000A4E4FDF791FB2060D120FEF725F99DE43A
:10695000012BE7D0BFE70A2800DD28E74FE70A2828
:1069600000DDEBE611E7C046232400205E23002073
:10697000222400205C23002021240020602300200A
:10698000B0230020440A0020B40900206423002022
:106990006C230020480A0020302400202C240020F2
:1069A00010B5EFF30983203383F30988FAF739FD33
:1069B00010BDD0230C2270461B0610B51A650B3A89
:1069C000196D114203D140BFFBF702FA10BD996D5A
:1069D000F6E70000D0230C22704601211B0610B5FB
:1069E0001A651A6D0A4203D140BFFBF7F1F910BDD9
:1069F0009A6D0232F5D172B61A68034B92009B1859
:106A00005B68024A9A65FEE7140F00209A74001032
:106A1000BFF35F8FD023BE221B0652009B507047EE
:106A2000F0B505000C0085B0FAF7F0FC2B78EE69A4
:106A30006C60012B09D1324B9D4206D11020FAF730
:106A4000F9FD02211820FBF729FA2800FBF75AFA72
:106A500000283ED12B4BEF6933602B4BB0635C6950
:106A60006B68F0631B68580819000019029300F066
:106A700077FC03236343029A0393244B019036204F
:106A80009A4204D9224B029A9A4229D84420019B67
:106A90006421584300F064FC0400019B1B1A01931D
:106AA0001C49039800F05CFC6B469B880130FB613D
:106AB000A3B23B6201230F2C01D92409E3B23A00AF
:106AC000A03213600023C0B2F86733630133F3666A
:106AD000336C02232B70FAF7A4FC002005B0F0BD44
:106AE0003C20019B6421584300F03AFC019B029A30
:106AF0001B1A0193084B04009A42D1D90749D0E7E9
:106B0000A424002065050000BC230020A08601000D
:106B1000801A0600809698003F420F0040787D0161
:106B2000F7B50400FAF772FC2378012B45D020005A
:106B3000FBF7E8F900282AD0234F244ABB6A6426D1
:106B400001936368E5691B68934204D9204A5A3E61
:106B5000934200D80F3600232B63EA6E01331343B0
:106B6000EB660223EA6E1343EB66FAF75AFC402207
:106B70006B6B134208D1FAF749FCBB6A019A9B1A66
:106B8000B342F2D3FAF74DFCFAF740FC6B6D114BB0
:106B90009C4212D1802210495204CA67C021FF20B2
:106BA0000E4B49005A509931FF315A5882435A507E
:106BB00010230B4A11680B431360002363600133F9
:106BC0002370FAF72EFCF7BD00400540A0860100B7
:106BD000801A0600A424002004E100E000E100E0A7
:106BE00000C00040F0B585B004000191029203930B
:106BF000FAF70CFC00230126A360274F0333237010
:106C0000E569FAF70EFCBB6A0093FAF7FFFB2B6FFE
:106C10001A003240334209D0009AEB6DBB6A9B1ACE
:106C20001E4A93422FD8FAF7FCFBEEE7039B2000A5
:106C30006362029B23630B9BA3620A9B6363230033
:106C40002C331A70FBF75EF900281CD1019B9B05C1
:106C50009B0D6B602863EE662B6C114B2B63FBF76F
:106C6000ABF80C9B002B0BD02300203320620C9937
:106C700083610320FDF74AF802230600421C05D178
:106C800000232B632B6C0126052376422370FAF731
:106C9000C8FB300005B0F0BD004005404FC3000008
:106CA0005B020000A02270B57646094BD205D4588D
:106CB000084DD450EB681C4203D028009C43FBF7DE
:106CC0000DF91035002CF5D13000FBF781F870BDBF
:106CD0000C040000747C0010A02270B57646094BAD
:106CE000D205D458084DD450EB681C4203D028007C
:106CF0009C43FBF7F3F81035002CF5D13000FBF77F
:106D000067F870BD1C040000747C0010012210B5EF
:106D10007446064B5A63FAF779FBFCF7B1F9FAF7B8
:106D200080FB2000FBF754F810BDC0460040054032
:106D3000022210B57446064B5A63FAF767FBFCF75C
:106D40009FF9FAF76EFB2000FBF742F810BDC04632
:106D5000004005400422074B10B55A63064B7446A9
:106D60009B68002B01D0022098472000FBF730F8E9
:106D700010BDC04600400540FC0E00200822074B15
:106D800010B55A63064B7446DB68002B01D0032014
:106D900098472000FBF71CF810BDC0460040054096
:106DA000FC0E00204B20F8B54E4B7446DA69D16AD0
:106DB00001421DD0111DC96FC90403D50221986875
:106DC000014399600B21506B084203D09868033946
:106DD0000143996000231363136C536DFAF716FB9C
:106DE000022141484942FCF7A8FAFAF71AFB0EE0E3
:106DF0001020014248D0197803291AD18027022691
:106E0000BF00596A002911D0106F304203D1200011
:106E1000FAF7DEFFF8BD186B0578012900D13D4374
:106E200001300139156118635962EAE72F4B1021CF
:106E30001AE0996A102900D9010018002C30057851
:106E4000002D13D000250570A020C0000D1E00D11C
:106E500001258026013D9563B600002909D1234B09
:106E60001031D150224B0C39D150D0E78020400056
:106E7000ECE79D6A012D00D1304310618020013D77
:106E800001399D624000E8E70425294212D008201C
:106E9000116F014205D19B6A002B09D11421134BBC
:106EA000E2E7596B15690D70596B01315963EFE7D2
:106EB0000F4BBCE789050DD5116E1978032909D14F
:106EC000996A002906D001211D702C331970084BD6
:106ED000D0509CE700251563136CFAF797FA290048
:106EE000014880E7A4240020C424002030300000A2
:106EF000302000007346F0B587B005939F4B1C68A7
:106F0000E3030ED580229E4B9E499202CA50012275
:106F10009D48C36899698A7459690A755B6800213C
:106F20009847E3043AD58022954B96491203CA50FC
:106F30000223954D2A002B7000232E00DC321360B3
:106F4000AB600193F368002B14D0FAF75FFAF7688F
:106F50007869002804D002210C304942FCF7EDF991
:106F6000B869002804D002210C304942FCF7E5F949
:106F7000FAF757FA0027019BF760013301930436B3
:106F8000102BDFD12B00C4331F70FBF767FA6B683F
:106F90001B68BB4202D0390028009847630431D5F2
:106FA0001022774B7749784DCA502B78052B29D082
:106FB0002A00E032137005232B706B681B68002BCE
:106FC00002D00421280098470026AE60EB68002B11
:106FD00014D0FAF71BFAEF687869002804D0022170
:106FE0000C304942FCF7A9F9B869002804D0022105
:106FF0000C304942FCF7A1F9FAF713FA01360435CF
:10700000102EE3D1230406D580225D4B5D49120189
:10701000CA50FAF731FFA30316D55B4D6B68DB68E6
:10702000002B04D1594A5A4913680B4013602B783E
:10703000052B01D1FAF720FF6B68DB68002B01D02C
:10704000280098474F4B9B6CE40604D40598FAF748
:10705000BFFE07B0F0BD4B4B9B6D04930023039321
:1070600001330293049B002BF0D0039B202BEDD027
:10707000029B049A134220D0464B424A0299D150B7
:10708000039B5C08404B0193019AA31C9B00D318FF
:1070900001225F68039B134233D17A6913695360FD
:1070A00012889BB292B29A420FD021000198FBF74E
:1070B00023FB049B029A93430493029B5B0002937D
:1070C000039B0133DBB20393CCE70122A240019B77
:1070D0001B899343019A1381BB68002B02D02100C6
:1070E00010009847FAF792F90021019B0234A4009E
:1070F0001C19636858690C30FCF71FF9FAF791F90D
:10710000D7E7254AE3009B181E68BD69B605B60D92
:107110003200A868696900F00CF9AB689B19AB6094
:107120006B689B196B602B689B1B2B602B8A013B48
:107130009BB22B82002B02D07B8AB34219D9012249
:10714000A240114DA61C6B8993436B81B300EB18D1
:107150005B68DB68002B02D0210028009847B6004E
:10716000AD19FAF753F96B689B69180059680C3030
:10717000C2E721000198FAF71BFF9AE79800115027
:10718000503000000000115060220020900011508B
:10719000FFFFFDFF583000008400105070470000D2
:1071A00010B504000020844206D00134631E9C41C7
:1071B0000248FFF7B5FCA01E10BDC046A424002065
:1071C000F8B5104B1A78002A1BD10132D0261A705C
:1071D0004021422380270C4D0C4C36060432B76206
:1071E0000B48EA632362B1626A63E361FDF7B3FCB3
:1071F00003225B234021B762EA632362B1626A63C0
:10720000E361F8BDA02400200040014000C001401F
:1072100010270000F0B51F00002587B00491460834
:10722000104911480592FFF7FBFB002338002900A5
:107230000E4A00F0BDF800230D4A80185941FA2289
:107240000023920000F0BCF83100059B049A0290E4
:10725000019500950448FFF7C5FCFFF7A1FF07B0B3
:10726000F0BDC046C4850010A424002040420F0099
:10727000E7030000F0B51C00182389B004AF1033F9
:10728000FB5A05000E001D481D493A607B60FFF760
:10729000C7FB6A46631CBB600733DB08DB00D31AFD
:1072A0009D46112104ABFB60002369449AB29442CD
:1072B0001FD80024FB6878681E7021000023114A43
:1072C00000F076F80023104A80185941FA22002372
:1072D000920000F075F8019402900094BB68FA687F
:1072E00069080648FFF77EFCFFF75AFFBD4605B068
:1072F000F0BD3A68D25CCA540133D7E7A424002019
:10730000C485001040420F00E7030000030082180C
:10731000934200D1704719700133F9E7C9B282185E
:10732000904201D10020704703788B42FBD001309E
:10733000F6E7002310B59A4200D110BDCC5CC454CE
:107340000133F8E730B500240139A24201D1002011
:1073500005E0035D01340D5DAB42F6D0581B30BD36
:1073600001B40248844601BC604700BF29030020E5
:1073700001B40248844601BC604700BF55020020AA
:1073800001B40248844601BC604700BFE902002006
:1073900001B40248844601BC604700BF9D00002044
:1073A00001B40248844601BC604700BFFD000020D4
:1073B00001B40248844601BC604700BF5107002069
:1073C00001B40248844601BC604700BF7903002035
:1073D00001B40248844601BC604700BF2903002075
:1073E00001B40248844601BC604700BFE9020020A6
:1073F0004E6F2050494F207374617465206D616336
:1074000068696E65732061726520617661696C617F
:10741000626C65004E6F2070726F6772616D2073D1
:10742000706163650041726E61616E2053686168CE
:107430000056616E7461706164004C617965722000
:1074400031004C617965722032004C61796572209F
:1074500033004175746F436C69636B3A4F4E200083
:107460004175746F436C69636B3A4F464600010285
:10747000E00102E1740103E10103E0000102E077B1
:107480000103E0000102E0740103E0000102E301F6
:1074900002E1730103E10103E30072656D6F74653E
:1074A0002070616E696300633000216342A225167B
:1074B00042B5001442AA00000000000000000000D5
:1074C00000000E1331FBE6C040404040602C2760B6
:1074D00060404040C4FBF1110E00000000000000BD
:1074E000000000000000000000000000000000009C
:1074F0000E73C103F2B22360C0800000C06233B2D9
:10750000F20280F73E0000000000000000000000D2
:10751000000000000000000000000000000000016A
:10752000070C3B6242C381909083C26233190E0301
:10753000000000000000000000000000000000004B
:10754000000000000000000000000000000000E05B
:10755000308807010101030C9830C00000000000D2
:10756000000000000000000000000000000000001B
:10757000000000001E1231FAEC80C0404040404044
:107580004040404040C0CCBAF1121E000000000054
:1075900000000000000000000000000000000000EB
:1075A00000001E73C1014080808080000000808048
:1075B0008080C00081E73E00000000000000000065
:1075C00000000000000000000000000000000000BB
:1075D0000001070C3860C0808030108080C03018F7
:1075E0000E0300000000000000000000000000008A
:1075F000000000000000000000000000000000008B
:1076000000C0308806010101030C9870C000000022
:10761000000000000000000000000000000000006A
:107620000000000000000000000E1131DBEEC0C0C1
:107630004040406060606040404040C4FAF1110E3C
:10764000000000000000000000000000000000003A
:10765000000000000000001E738100F0B02060C038
:10766000800000C0602030F00080E33E0000000099
:10767000000000000000000000000000000000000A
:1076800000000000000001070C3B62C28381301043
:107690008386C663190C0300000000000000000090
:1076A00000000000000000000000000000000000DA
:1076B000000000000000C0308806010101030E98A0
:1076C00030C00000000000000000000000000000CA
:1076D000000000000000000000000000001824224C
:1076E000C6FC80808080808080808080808080DC7C
:1076F000E462241800000000000000000000000008
:107700000000000000000000000000007CC3030136
:10771000E140C08000000080C060E0010183FE0005
:107720000000000000000000000000000000000059
:107730000000000000000000000001070C3B66C6CE
:10774000872320238784C663180E030000000000EF
:107750000000000000000000000000000000000029
:10776000000000000000000000008060188F03018E
:107770000107891060800000000000000000000088
:1077800000000000000000000000000000000000F9
:107790000070C8C8F83000000000000000000000C1
:1077A0000000F0C8C87820000000000000000000C1
:1077B0000000000000000000000000000000003891
:1077C000FD0707C2C383810101010181C1C3C30356
:1077D00087FC000000000000000000000000000026
:1077E0000000000000000000000000000001070C85
:1077F0003B66CC8F072000278DCC673F1E0701001A
:107800000000000000000000000000000000000078
:107810000000000000000000000000000000E03058
:1078200089070303070FB0E0C0000000000000005C
:107830000000000000000000000000000000000048
:10784000000000000000E02020E000000000000038
:10785000000000000000E0A0A0E0C0000000000068
:107860000000000000000000000000000000000018
:1078700000000000F19B0F0684860602020202024D
:10788000868686060FF90000000000000000000058
:1078900000000000000000000000000000000000E8
:1078A0000000030E1C6FC9890E40400E0988CF737B
:1078B00018060100000000000000000000000000A9
:1078C00000000000000000000000000000000000B8
:1078D0000000806099070303070F9160800000009B
:1078E0000000000000000000000000000000000098
:1078F0000000000000000000000000804000C00008
:1079000000000000000000000000804000408000F7
:107910000000000000000000000000000000000067
:10792000000000000000000001E0B21F080804048D
:10793000040404040404840C0FF601010000000098
:107940000000000000000000000000000000000037
:1079500000000000000000030C106F891A0E404068
:107960001E13994F300C03000000000000000000BF
:107970000000000000000000000000000000000007
:1079800000000000000000C020910F020206093034
:10799000E000000000000000000000000000000007
:1079A000000000000000000051330010E12700102B
:1079B000B528001040004000E00A0020000B002025
:1079C0000000010000000000AC910010DC24002049
:1079D000DC240020DC240020AC910010000000001A
:1079E0000000000000000000AC910010000000004A
:1079F0000000000000000000AC910010000000003A
:107A00000000000000000000AC910010000C0420F9
:107A1000000C0420200D0420AC910010001C042058
:107A2000001C0420001C0420AC9100100000000089
:107A30000000000000000000AC910010001F0420B6
:107A4000001F0420001F0420010030313233343580
:107A500036373839414243444546001803410072E5
:107A6000006E00610061006E00200053006800613C
:107A700000680000001203760061006E007400616F
:107A800000700061006400000005010902A1018589
:107A9000020901A100050919012908150025019510
:107AA00008750181020501093009311581257F958D
:107AB000027508810609381581257F9501750881B1
:107AC00006050C0A38021581257F95017508810687
:107AD000C0C005010980A101850319012AB700155D
:107AE0000126B700950175108100C0050C0901A1A0
:107AF00001850419012AA002150126A0029501752D
:107B0000108100C005010906A1018506050719E0DD
:107B100029E715002501950875018102050719005F
:107B200029EF1500250195F075018102050819015D
:107B30002905950575019102950175039101C0050F
:107B4000010906A101050719E029E715002501959E
:107B50000875018102950175088101050719002941
:107B6000FF150026FF00950675088100050819011C
:107B700029051500250195057501910295017503EB
:107B80009101C00403090409023B00020100A0FAAC
:107B90000904000001030101000921110100012273
:107BA00044000705810308000109040100010300E6
:107BB000000009211101000122B6000705820320FF
:107BC00000011201000200000040EDFE0100000172
:107BD000010203010000000000000000000000009E
:107BE00000000000000000007E0F00D4FFFFFFC770
:107BF0000000007800000000000000002A2B280090
:107C0000000000000000000000000000000000294B
:107C1000000000002C1E3420212224342627252E8B
:107C2000362D3738271E1F202122232425263333C3
:107C3000362E37381F0405060708090A0B0C0D0EEF
:107C40000F101112131415161718191A1B1C1D2FBB
:107C50003130232D350405060708090A0B0C0D0EDB
:107C60000F101112131415161718191A1B1C1D2F9B
:107C70003130354C00000050000000500000000082
:107C80000100000000000050400000500100000012
:107C900002000000000000508000005002000000C0
:107CA0000400000000000050C0000050030000006D
:107CB0000800000000000050000100500400000017
:107CC00010000000000000504001005005000000BE
:107CD000200000000000005080010050060000005D
:107CE0004000000000000050C001005007000000EC
:107CF000800000000000005000020050080000005A
:107D00000001000000000050400200500900000087
:107D10000002000000000050800200500A00000035
:107D20000004000000000050C00200500B000000E2
:107D300000080000EE7800103A78001086770010F6
:107D4000D27600101E7600106A750010B67400100E
:107D50000001020304030201000102030403020103
:107D600000010203040302010001020305050302EE
:107D700001181008000008101800AE00AF07087FB7
:107D80000807003E6B4F6B3E00C194B094C1001CCD
:107D90003E7C3E1C00183C7E3C18001C577D571C46
:107DA000001C5E7F5E1C0000183C180000FFE7C34B
:107DB000E7FF00001824180000FFE7DBE7FF0030B2
:107DC000483A060E00262979292600407F05050736
:107DD00000407F05253F005A3CE73C5A007F3E1C8F
:107DE0001C0800081C1C3E7F0014227F2214005F28
:107DF0005F005F5F0006097F017F00006689956A6A
:107E00000060606060600094A2FFA2940008047E9D
:107E100004080010207E20100008082A1C08000812
:107E20001C2A0808001E10101010000C1E0C1E0C3E
:107E30000030383E383000060E3E0E0600000000CE
:107E400000000000005F00000000070007000014B1
:107E50007F147F1400242A7F2A12002313086462EF
:107E600000364956205000000807030000001C227D
:107E70004100000041221C00002A1C7F1C2A00082F
:107E8000083E080800008070300000080808080854
:107E9000000000606000002010080402003E51490C
:107EA000453E0000427F400000724949494600219A
:107EB00041494D33001814127F10002745454539BC
:107EC000003C4A494931004121110907003649491E
:107ED000493600464949291E0000001400000000F0
:107EE000403400000000081422410014141414143B
:107EF000000041221408000201590906003E415DBC
:107F0000594E007C1211127C007F49494936003ECF
:107F100041414122007F4141413E007F4949494161
:107F2000007F09090901003E41415173007F0808A3
:107F3000087F0000417F4100002040413F01007F59
:107F400008142241007F40404040007F021C027F15
:107F5000007F0408107F003E4141413E007F090937
:107F60000906003E4151215E007F0919294600267D
:107F7000494949320003017F0103003F4040403F2F
:107F8000001F2040201F003F4038403F006314087E
:107F90001463000304780403006159494D43000051
:107FA0007F41414100020408102000004141417F0F
:107FB000000402010204004040404040000003076A
:107FC0000800002054547840007F2844443800388A
:107FD0004444442800384444287F003854545418FA
:107FE0000000087E09020018A4A49C78007F080401
:107FF00004780000447D4000002040403D00007FA8
:10800000102844000000417F4000007C0478047880
:10801000007C0804047800384444443800FC1824E8
:1080200024180018242418FC007C080404080048C4
:10803000545454240004043F4424003C4040207C19
:10804000001C2040201C003C4030403C00442810D4
:108050002844004C9090907C004464544C440000B0
:10806000083641000000007700000000413608009B
:10807000000201020402003C2623263C000000000E
:1080800000000000008080E0F0F0FC70FCF07CF06C
:10809000FC70FCF0F0E080800000000000000000B8
:1080A0000080808000000080800000000000808050
:1080B0000080800000008080000000000080808040
:1080C00080800080800000000000000000000000B0
:1080D00000000000000000000000000000000000A0
:1080E0000000000000000000000000000000000090
:1080F000000000000000000000000000C0F0F8FCDC
:108100003E1E06010000007F4141417F007F41414A
:10811000417F000080C0E07E5B4F5BFEC00000C07E
:1081200000DCD7DEDEDED7DC00C00000000000008F
:10813000000000000000000000000000000000003F
:108140000000000000AAAAFFFFFFFFE0DFDF00DF62
:10815000DFE0FFFFFFFFAAAA000000000000003ED2
:108160007FC1C1C17F3E00FFFF0F3C783C0FFFFF86
:1081700000FFFF1C3E77E3C10000000000FFFF1975
:10818000191900FDFD00FEFC060600FEFC0606FCBB
:10819000FC0606FEFC001E7CE0780C78E07C1E00ED
:1081A00064F692927EFC00FEFC0606003C7ED2D273
:1081B000DE4C00000000000000000000030F1F3F25
:1081C0003C7870600000007F4141417F007F414169
:1081D000417F00307B7F7830202030787F3B000368
:1081E000000F7F0F0F0F7F0F000300000000000043
:1081F000000000000000000000000000000000007F
:10820000000000000000000307071F071F071F07EB
:108210001F071F0707030000000000000000000008
:108220000000000103020000000000000000000048
:10823000000000000000000000000000000000003E
:10824000000000000000000000000000000000002E
:10825000000000000000000000000000000000001E
:10826000000000000000000000000000000000000E
:1082700000000000000000000000000000000000FE
:1082800000000000000000000000000000000000EE
:1082900000000000000000000000000000000000DE
:1082A00000000000000000000000000000000000CE
:1082B0000000000000000000000000000022232554
:1082C0002628292A2C2D2F3032333536383A3B3D9B
:1082D0003E4042434547494A4C4E505153555759E9
:1082E0005A5C5E6062646668696B6D6F7173757706
:1082F000797B7D7F81838587898A8C8E9092949605
:10830000989A9C9E9FA1A3A5A7A8AAACAEAFB1B313
:10831000B4B6B8B9BBBCBEBFC1C2C3C5C6C7C9CA63
:10832000CBCCCDCED0D1D2D2D3D4D5D6D7D7D8D925
:10833000D9DADADBDBDBDCDCDCDCDCDDDDDDDDDC83
:10834000DCDCDCDCDBDBDBDADAD9D9D8D7D7D6D595
:10835000D4D3D2D2D1D0CECDCCCBCAC9C7C6C5C357
:10836000C2C1BFBEBCBBB9B8B6B4B3B1AFAEACAAA4
:10837000A8A7A5A3A19F9E9C9A98969492908E8C54
:108380008A89878583817F7D7B79777573716F6D2E
:108390006B6968666462605E5C5A59575553515008
:1083A0004E4C4A4947454342403E3D3B3A383635BC
:1083B0003332302F2D2C2A29282625232200010292
:1083C0000202020001010101010101010102020298
:1083D0000202020202020303030303030303040471
:1083E000040404040405050505050606060606073B
:1083F0000707070708080808090909090A0A0A0BF4
:108400000B0B0C0C0C0D0D0D0E0E0E0F0F0F101094
:10841000111111121213131414151516161717181B
:108420001819191A1A1B1B1C1D1D1E1E1F20202186
:108430002222232424252626272829292A2B2C2DCD
:108440002D2E2F30313232333435363738393A3BEE
:108450003C3D3E3F404142434445464748494A4CE3
:108460004D4E4F50515354555658595A5B5D5E5FAF
:10847000616264656668696B6C6D6F707273757745
:10848000787A7B7D7E8082838587888A8C8E8F91A7
:10849000939596989A9C9EA0A2A3A5A7A9ABADAFD1
:1084A000B1B3B5B7BABCBEC0C2C4C6C9CBCDCFD1BB
:1084B000D4D6D8DBDDDFE2E4E7E9EBEEF0F3F5F864
:1084C000FAFDFF00000000000200000001000000B3
:1084D0000200000002000000020000000300000093
:1084E00002000000A7740010000C0420C00C04203F
:1084F00061370010F52200107D1A00100000000006
:1085000000DA0281FFD9F1DB20A4A62EAF00A0C0C3
:10851000D30000A1C8D30000AED580A81F408D14A1
:1085200020001E140A0500FF0100010000FFFF00EB
:1085300000010001FF0000001D000000000000001D
:108540001A0000001B0000001C00000004000000D6
:10855000437E447EAE00A800407E417E427E000005
:108560000100010001000100010001000100000004
:1085700001000100010001000100010001000000F4
:10858000A900AA004E014B011C011D01E200E900F7
:10859000EA00B500B600B700CD008301CC008A0127
:1085A00092019401210223022402250226022702BD
:1085B0002A02B300B4006F0070009F01CB019F023C
:1085C000A0020000801A0600002020202020202089
:1085D0002020282828282820202020202020202073
:1085E0002020202020202020208810101010101083
:1085F00010101010101010101004040404040404CF
:108600000404041010101010101041414141414168
:10861000010101010101010101010101010101014A
:10862000010101011010101010104242424242425A
:10863000020202020202020202020202020202021A
:1086400002020202101010102000000000000000C2
:10865000000000000000000000000000000000001A
:10866000000000000000000000000000000000000A
:1086700000000000000000000000000000000000FA
:1086800000000000000000000000000000000000EA
:1086900000000000000000000000000000000000DA
:1086A00000000000000000000000000000000000CA
:1086B00000000000000000000000000000000000BA
:0C86C000000000000000000000000000AE
:1086CC0010B5014B984710BD2D1F002010B5014B64
:1086DC00984710BD050C0020054B02301B680002AA
:1086EC005840C0239B001840024B18607047C0468E
:1086FC000C8001400C900140024B1868C0239B0277
:10870C00184070471C80014010B504000020FFF792
:10871C00E3FF8020C0220423800420435205010E75
:10872C00013B11660002002BF9D110BD084A10B5AF
:10873C001378002B0AD18023064807495B051C6877
:10874C00C45004338B42FAD10123137010BDC046C0
:10875C00040D0020040C001000010010F7B51425C6
:10876C001824288823881149984723880700104922
:10877C0028889847238806000E492888984723881C
:10878C000D490190288898470400FFF7CFFFB847A0
:10879C00B04780228021FF20D82352028901400358
:1087AC00019DA847A047FFF791FFF7BD4946000080
:1087BC00455800005245000046430000F0B5142512
:1087CC00182485B0238806000F0028881F49984775
:1087DC00238801901E492888984723881D490290B8
:1087EC00288898470390FFF7A1FF019B9847029BAD
:1087FC0098470020FFF770FF0D230820C0211A00B6
:10880C0084464905123D6446886A0440284208D0D3
:10881C00002A06D0981A0D2803D83078013A086639
:10882C000136002C05D0002B03D0086E013B3870AC
:10883C00013710001843E6D10130FFF74DFF039BC1
:10884C009847FFF743FF05B0F0BDC046494600000E
:10885C004558000046430000F7B5C027040015003A
:10886C001E00009101927F053300019A2B431343A4
:10887C0023D03A6A7B6A002D19D0D2180D2A16D84B
:10888C00221E01D0227801343A66013D002BEBD038
:10889C003B6E002E01D0013EE6E7009AB24202D0B8
:1088AC001370531C0093019B013B0193DCE7002BDD
:1088BC00EED1FFF721FF0028D6D00120FFF70CFFE7
:1088CC00F7BD70B5040000200D001600FFF704FF83
:1088DC00C0235B05320029001C6600200123FFF732
:1088EC00BBFF70BD37B501246B46DD1D220029008E
:1088FC000520FFF7E6FF2B781C4203D0FFF7FCFEA8
:10890C000028F1D037BD002210B511000620FFF76A
:10891C00D8FF10BDF0B51427182685B03388009009
:10892C000D0038881C491400984733881B49019066
:10893C0038889847338802901949388898470390AB
:10894C002200402C00D940220023164F5600E95A31
:10895C00C943F95202339E42F9D153005D19A41A4E
:10896C00019B9847029B9847FFF7CDFF0098FFF7B4
:10897C00CBFE0423320000213800FFF76DFFFFF718
:10898C00B1FF009B9B190093039B9847FFF798FE40
:10899C00002CD5D105B0F0BD49460000455800006B
:1089AC0046430000140E00200E4AEFF3108372B6FB
:1089BC009066D166002907D0FFE7FFE7FFE7516F0C
:1089CC00106F83F31088704783F3108804B58021EF
:1089DC000906C2175140002800D0C84300F03CFAE9
:1089EC00002104BD000000D00D4AEFF3108372B6D5
:1089FC0010665166002907D0FFE7FFE7FFE7516FCC
:108A0C00106F83F31088704783F3108804B5002827
:108A1C0001D00020C04300F01FFA002104BD00006B
:108A2C00000000D010B5EFF3108472B600F00EF811
:108A3C0084F3108810BDC04610B5EFF3108472B6E5
:108A4C0000F048F884F3108810BDC046002B24DBDE
:108A5C0011D000293EDA00B5C943404200D10131A2
:108A6C0000F038F8C943404200D10131DB43524297
:108A7C0000D1013300BD002AEBD1002801D100291F
:108A8C0005D00020C90FC90701D1C043410800B56A
:108A9C0000F0DAF90022002300BD00B500290ADB42
:108AAC00DB43524200D1013300F014F8C943404279
:108ABC0000D1013100BDC943404200D10131DB433B
:108ACC00524200D1013300F005F8DB43524200D191
:108ADC00013300BD002923D1002B18D1002A0CD062
:108AEC00BC460D4F38667A6600210023FFE7FFE78E
:108AFC00FFE77A6F386F67467047002801D0074848
:108B0C00010000B500F0A0F90022002300BD020016
:108B1C000B00002000217047000000D0FFFFFFFF7A
:108B2C00002B00D0BFE0130C28D1002AE7D080B472
:108B3C00114F39667A66FFE7FFE730B4040C7B6FA0
:108B4C00396F1B0423433B667A66FFE7FFE7FFE7B9
:108B5C00C04684B27B6F3D6F1B0423433B667A6631
:108B6C00FFE7FFE7C04600232C042D0C7A6F386F0B
:108B7C0000196941B0BC7047000000D0F0B59446B4
:108B8C000025140E01D112020835140F01D1120167
:108B9C000435940F01D192000235D40F01D152004B
:108BAC000135D40B0134254F7C66254C3C660E0CEC
:108BBC0093B2FFE7FFE7FFE73C6F6643360C7703A2
:108BCC00BE467343DF0B5B04C01AB941130C7343ED
:108BDC00DB18C91ACE086643360CB64493B27343FD
:108BEC001F0F1B01C01AB941130C73431F0B1B053C
:108BFC00C01AB941860D8F023E436643360C092DCF
:108C0C0024DB520A7243801A7703460A6643360CF9
:108C1C0016235B1BDE40DF40BF1964466643821B94
:108C2C007046043506330100D940A840C01900D362
:108C3C000131A24206D20023F0BD0000000000D09A
:108C4C00FFFFFFFF121B0130F3D3F1E709277F1B56
:108C5C00FE406446A2B27243801A00D20139220C43
:108C6C007243130C1204821A99410B00704604359E
:108C7C0013370100F940A840801900D30131002BB3
:108C8C0002D1A2420AD2F0BD013000D30131121B35
:108C9C00FAD2013BF8D1A24200D2F0BD013000D390
:108CAC000131121BF7E7F0B51C0C00D080E00CB4BE
:108CBC0000251C0A04D11B02160E33431202083580
:108CCC001C0B04D11B01160F3343120104359C0BF2
:108CDC0004D19B00960F334392000235DC0B02D17A
:108CEC0092185B4101351C00971864410134464FC2
:108CFC007C66464C3C660E0CFFE7FFE7FFE7C04680
:108D0C003C6F6643360C7703BE4697B27743C01B65
:108D1C0000D20139C01B00D201399FB27743C91B65
:108D2C00C91B170C77437E04FF0B801BB941CE087F
:108D3C006643360C0C2D33DBB644120B1F053A433D
:108D4C001B0B97B27743C01B00D201399FB27743FC
:108D5C00C91B170C77433E043F0C801BB941860D91
:108D6C008F023E43664329277F1BFE400C3D77460E
:108D7C00AF40BF1930BCA2B2ABB272437343801A7E
:108D8C009941220C7243130C1204801A994102006F
:108D9C000B000137001BA941F9D2781E0021F0BD50
:108DAC000C277F1BFE4077467F0BAF40FF19E0E797
:108DBC0000245D1C07D0144F7D663966FFE7FFE782
:108DCC00FFE7FFE73C6F95B29EB265436643401BDD
:108DDC00B141150C1E0C6543664336042F0C3E4303
:108DEC002D04401BB141994204D202000B0020001B
:108DFC000021F0BD01D19042F7D3801A9941013482
:108E0C009942F2D3F6E70000000000D0FFFFFFFF0D
:108E1C0051434343C9188C46110C83B24B4310B4D5
:108E2C00040C614392B280B2504362431C041B0C8D
:108E3C00001910BC59411304120CC0185141614463
:108E4C00704700000000000001B40248844601BCD9
:108E5C00604700BF1503001001B40248844601BCF2
:108E6C00604700BF15030010000000000000000068
:108E7C0000000000000000000000000000000000E6
:108E8C0000000000000000000000000000000000D6
:108E9C0000000000000000000000000000000000C6
:108EAC0000000000000000000000000000000000B6
:108EBC000800000000000000000000000600000098
:108ECC000000000000000000000000000000000096
:108EDC000000000000000000000000000000000086
:108EEC000000000000000000000000000000000076
:108EFC000000000000000000000000002000000046
:108F0C000000000000000000040000000000000051
:108F1C000000000000000000000000000000000045
:108F2C000000000000000000000000000000000035
:108F3C000000000000000000000000000000000025
:108F4C000000000000000000030000000000000012
:108F5C000000000003000000000000000000000002
:108F6C0000000000000000000000000000000000F5
:108F7C0000000000000000000000000000000000E5
:108F8C0000000000000000000000000000000000D5
:108F9C0000000000030000000000000000000000C2
:108FAC0002000000000000000000000000000000B3
:108FBC0000000000000000000000000000000000A5
:108FCC000000000000000000000000000000000095
:108FDC000000000000000000000000000000000085
:108FEC0006000000A80700200000000000000000A0
:108FFC00D80800208C080020400800200000000049
:10900C00F4070020000000000000000024090020EC
:10901C002526001009260010DD2A0010891C0010DE
:10902C00A51C0010B51C0010280900206526001096
:10903C0041260010FD2A00100D1D0010311D0010DE
:10904C00491D001084090020840900200100000043
:10905C00FFFFFFFF0021007F220003010914001015
:10906C00011A0010094B0010174B0010254B001073
:10907C00334B001000000000000000000000000056
:10908C0000000000000000000000000000000000D4
:10909C0000000000000000000000000000000000C4
:1090AC0000000000000000000000000003000000B1
:1090BC0000000000693200100000000020000000D9
:1090CC000000000000000000000000000000000094
:1090DC000000000000000000000000000000000084
:1090EC0000000000000000006022002002000000D0
:1090FC0004000000200000004C0B002000000000C9
:10910C0000000000680900200000000000000000C2
:10911C000000000000000000000000000000000043
:10912C000000000000000000000000000000000033
:10913C000000000000000000000000000000000023
:10914C000300000000000000693200100000000065
:10915C0008000000000000000000000000000000FB
:10916C0000000000000000000000000000000000F3
:10917C000000000000000000000000006022002041
:10918C000100000004000000080000001C0B00207F
:10919C0000000000000000004C090020000001004D
:04000005100002C520
:00000001FF
